ADJ,Word,Count,IDs
ADJ,able,4,"1451,1692,1889,2889"
ADJ,absolute,3,"480,2364,2719"
ADJ,abstract,3,"1030,1668,2127"
ADJ,accent,8,"5,453,563,689,919,1306,1854,1982"
ADJ,accessible,2,"2008,2685"
ADJ,accurate,1,2642
ADJ,actual,3,"1599,1678,2614"
ADJ,added,1,2790
ADJ,additional,6,"712,1043,1579,1978,2104,2294"
ADJ,adjacent,2,"257,1174"
ADJ,adorable,2,"1984,2814"
ADJ,advisable,1,1483
ADJ,aesthetic,29,"42,54,225,276,281,447,468,620,668,833,947,1007,1366,1428,1495,1684,1762,1933,2011,2103,2232,2462,2559,2636,2755,2776,2826,2833,2840"
ADJ,affirm,1,1441
ADJ,affordable,12,"50,68,78,371,1425,1429,1591,1647,1890,2620,2652,2654"
ADJ,aforementioned,1,2636
ADJ,afraid,3,"137,1833,2648"
ADJ,aged,5,"407,704,1130,1648,2033"
ADJ,ahh,1,414
ADJ,airier,1,2271
ADJ,airy,2,"1092,2337"
ADJ,alfresco,1,2995
ADJ,alternative,2,"437,2799"
ADJ,amazing,2,"1643,1769"
ADJ,ambient,17,"67,93,231,270,428,538,689,1268,1306,1523,1658,1743,1933,2015,2121,2244,2279"
ADJ,american,1,1783
ADJ,amiss,1,2537
ADJ,ample,1,1584
ADJ,antique,7,"376,969,1060,1062,1332,1613,2772"
ADJ,aplenty,1,2713
ADJ,appealing,6,"42,174,700,987,1658,1982"
ADJ,appreciated,1,1261
ADJ,architectural,5,"342,1145,1146,1246,2318"
ADJ,arresting,1,389
ADJ,artificial,2,"1446,2092"
ADJ,artisanal,1,1415
ADJ,artsy,1,1263
ADJ,asleep,1,1641
ADJ,aspirational,1,2453
ADJ,assorted,1,798
ADJ,assured,1,1641
ADJ,asymmetric,1,2835
ADJ,atmospheric,3,"501,1200,1320"
ADJ,attainable,1,1599
ADJ,attic,3,"427,2481,2643"
ADJ,attractive,1,2751
ADJ,austere,1,1298
ADJ,authentic,3,"406,1741,2324"
ADJ,autumnal,31,"27,877,942,945,1759,1784,1786,1842,1845,1850,1852,1917,1958,1961,2359,2430,2460,2468,2469,2472,2477,2495,2504,2505,2591,2592,2655,2673,2680,2687,2689"
ADJ,available,24,"42,51,78,213,327,849,939,954,1015,1114,1206,1406,1477,1845,1880,1934,1950,2119,2227,2337,2415,2573,2640,2652"
ADJ,average,1,1328
ADJ,awkward,1,2643
ADJ,bad,3,"11,2132,2933"
ADJ,balanced,8,"199,781,1239,1299,1521,1619,2305,2451"
ADJ,balcony,4,"24,1620,2967"
ADJ,balmy,1,2321
ADJ,bare,4,"139,2030,2597,2853"
ADJ,barn,1,2295
ADJ,basic,2,"1445,2774"
ADJ,beautiful,28,"44,95,381,928,997,1005,1083,1104,1168,1190,1215,1296,1312,1346,1396,2091,2169,2215,2237,2334,2412,2456,2487,2499,2622,2661,2675,2746"
ADJ,bedding,10,"98,1006,1326,1381,1416,1437,1626,1936,2674"
ADJ,beige,10,"114,408,453,475,476,1228,1299,1399,2265,2573"
ADJ,beloved,2,"2413,2434"
ADJ,beneficial,4,"770,1252,2064,2989"
ADJ,bestselling,1,1607
ADJ,bi,1,1132
ADJ,bifold,1,338
ADJ,big,50,"15,69,170,358,365,398,425,506,540,581,670,725,727,790,800,920,921,1058,1068,1081,1089,1123,1132,1147,1251,1313,1339,1370,1435,1516,1568,1656,1751,1756,1961,2077,2102,2319,2329,2331,2342,2478,2493,2598,2817,2886,2888,2891,2892,2943"
ADJ,bijou,1,24
ADJ,biophilic,2,"119,1576"
ADJ,bistro,1,1008
ADJ,bittersweet,1,2378
ADJ,black,28,"16,435,859,982,1015,1019,1094,1114,1220,1506,1546,1689,1721,1738,1765,1830,1846,1885,2023,2157,2162,2216,2369,2438,2445,2499,2783"
ADJ,blackout,1,124
ADJ,bland,2,"871,2396"
ADJ,blank,2,"859,1068"
ADJ,blind,2,"2135,2236"
ADJ,bliss,1,2610
ADJ,blond,1,1491
ADJ,blue,33,"78,294,295,363,453,484,485,623,684,968,1186,1320,1388,1536,1563,1565,1585,1608,1628,1671,1686,1867,2126,2162,2223,2280,2339,2743,2796,2979,2980"
ADJ,blueish,1,1350
ADJ,bluish,1,2949
ADJ,blush,1,1503
ADJ,bobbled,1,982
ADJ,bohemian,4,"537,1684,1685,2194"
ADJ,bold,29,"366,416,496,498,582,670,711,1057,1211,1258,1305,1440,1504,1506,1546,1566,1616,1648,1721,1724,1741,1812,2076,2242,2644,2705,2877,2961"
ADJ,booth,1,1064
ADJ,borg,1,2615
ADJ,boring,3,"118,626,1945"
ADJ,brave,2,"720,2744"
ADJ,breathable,9,"1005,1006,1223,1456,1580,1972,1991,2176,2859"
ADJ,breezy,3,"317,426,1606"
ADJ,bright,74,"8,15,27,121,124,169,308,314,339,383,385,400,413,427,679,788,819,894,901,902,921,974,980,998,1073,1074,1075,1151,1173,1312,1339,1349,1350,1420,1435,1439,1458,1518,1682,1687,1711,1718,1724,1736,1752,1834,1854,1926,1930,2029,2048,2075,2153,2200,2239,2272,2280,2295,2331,2370,2389,2411,2432,2438,2447,2453,2507,2742,2744,2810,2936,2944"
ADJ,brilliant,13,"211,507,765,1012,1035,1340,1428,1780,2130,2150,2377,2559,2771"
ADJ,british,2,"251,2119"
ADJ,brown,19,"374,547,557,558,560,619,620,626,1228,1239,1241,1251,1255,1277,1516,1635,1637,1785,2374"
ADJ,brownish,2,"972,1833"
ADJ,brushed,1,2691
ADJ,bulk,1,1041
ADJ,bungalow,1,1063
ADJ,burgundy,2,"1024,1457"
ADJ,burleigh,1,2533
ADJ,busy,8,"53,875,934,1108,1755,2130,2181,2280"
ADJ,buttoned,1,2723
ADJ,calm,32,"8,123,187,190,341,344,345,704,708,832,1154,1194,1230,1259,1357,1475,1507,1674,1717,1761,1813,1846,1870,1913,2201,2280,2451,2493,2559,2694,2839,2881"
ADJ,calming,6,"295,1538,1980,2023,2271,2896"
ADJ,candlelit,2,"1093,1606"
ADJ,captivating,1,707
ADJ,cardamom,1,966
ADJ,careful,2,"371,435"
ADJ,carpeted,1,695
ADJ,casual,3,"269,2353,2722"
ADJ,cavernous,2,"1187,1389"
ADJ,central,6,"200,650,808,1704,1920,2627"
ADJ,century,3,"913,987,1528"
ADJ,ceramic,1,2305
ADJ,certain,6,"435,666,1479,1930,2623,2891"
ADJ,certified,1,1839
ADJ,chaise,1,1060
ADJ,chaotic,1,286
ADJ,characterful,1,1732
ADJ,charming,4,"1610,1732,2398,2863"
ADJ,cheap,2,"2119,2700"
ADJ,cheerful,3,"115,713,2322"
ADJ,chic,16,"341,550,563,702,722,794,931,1015,1262,1525,2021,2129,2574,2808,2908,2947"
ADJ,chillier,4,"318,1286,1589,2135"
ADJ,chilly,14,"66,138,182,630,874,938,1320,1456,2129,2406,2455,2533,2763,2872"
ADJ,christmassy,2,"2832,2942"
ADJ,chunky,7,"467,643,877,1494,2697,2734,2864"
ADJ,cinematic,1,2665
ADJ,cinnamon,1,1992
ADJ,circular,1,2283
ADJ,classic,27,"20,487,767,897,1314,1443,1544,1597,1679,1786,1856,1889,1959,2012,2041,2100,2101,2233,2266,2336,2415,2438,2615,2792,2834,2881,2971"
ADJ,classical,1,2808
ADJ,claustrophobic,1,1567
ADJ,clean,9,"350,870,1681,2228,2293,2375,2642,2647,2752"
ADJ,clear,6,"195,201,902,2040,2228,2923"
ADJ,clever,15,"315,674,901,1072,1225,1369,1379,1387,1460,1735,2074,2139,2419,2863,2907"
ADJ,cleverly,1,753
ADJ,clinical,3,"377,1458,1588"
ADJ,close,3,"1796,1889,2952"
ADJ,clove,1,1282
ADJ,cluttered,6,"789,900,1209,1449,1519,2381"
ADJ,coastal,8,"406,832,1088,1294,2299,2307,2308"
ADJ,cocoon,1,2342
ADJ,cocooning,5,"46,310,323,764,1542"
ADJ,cohesive,11,"273,560,620,639,680,692,794,830,1259,1268,1592"
ADJ,cold,61,"49,52,69,94,156,159,195,202,314,343,377,492,625,657,668,700,875,939,970,1004,1034,1302,1340,1345,1364,1383,1389,1390,1401,1414,1425,1458,1568,1633,1702,1780,1827,1866,1867,1906,1986,2007,2026,2124,2178,2190,2200,2435,2570,2572,2606,2643,2695,2801,2844,2856,2920,2949"
ADJ,colder,23,"450,698,1044,1077,1117,1262,1362,1468,1774,1805,1816,1821,1838,1891,1962,2048,2073,2120,2177,2392,2423,2473,2474"
ADJ,collapsible,1,1511
ADJ,colour,12,"274,359,526,760,1030,1115,1448,1812,1934,2698,2771,2913"
ADJ,coloured,9,"515,955,998,1006,1469,1496,1557,2013"
ADJ,colourful,15,"97,169,308,423,498,525,1103,1327,1653,1684,2165,2174,2306,2788,2879"
ADJ,comfortable,56,"52,61,99,177,204,316,438,449,510,541,574,576,593,603,605,644,660,810,845,1112,1114,1119,1136,1167,1385,1386,1471,1498,1569,1577,1603,1642,1727,1731,1818,1819,1827,1988,2074,2129,2237,2329,2354,2426,2482,2508,2549,2732,2806,2872,2896,2899,2987,2989"
ADJ,comforting,10,"492,587,638,695,1645,1774,1792,1830,2102,2785"
ADJ,comfy,15,"112,1014,1123,1507,1728,1804,2050,2171,2309,2317,2391,2530,2606,2659,2972"
ADJ,common,6,"544,900,1622,1803,1849,1876"
ADJ,communal,2,"280,2658"
ADJ,compact,13,"218,280,311,320,416,437,991,999,1190,1369,1567,1706,2029"
ADJ,compatible,1,2007
ADJ,complementary,3,"922,975,986"
ADJ,complete,10,"147,231,820,1453,1769,1864,1949,2157,2354,2566"
ADJ,concerned,1,94
ADJ,concrete,2,"403,1135"
ADJ,conducive,2,"1871,2483"
ADJ,confident,2,"1724,2566"
ADJ,conservatory,1,31
ADJ,considerable,2,"335,850"
ADJ,consistent,1,1260
ADJ,contemporary,24,"403,557,769,1184,1314,1358,1524,1544,1574,1672,1679,1681,1690,1846,1879,2044,2127,2134,2250,2286,2325,2375,2622,2980"
ADJ,continuous,2,"263,988"
ADJ,contrary,1,146
ADJ,conventional,1,424
ADJ,convivial,1,693
ADJ,cool,57,"38,113,260,325,363,382,383,431,586,708,770,776,834,862,968,980,996,1005,1017,1018,1021,1023,1225,1230,1252,1309,1340,1349,1350,1456,1485,1530,1582,1649,1736,1796,1799,1808,1809,1901,2029,2141,2184,2222,2225,2271,2319,2440,2441,2527,2568,2629,2641,2944"
ADJ,cooler,1,2203
ADJ,core,1,1592
ADJ,correct,1,1630
ADJ,cosily,1,2722
ADJ,cosiness,24,"12,455,585,609,771,811,824,1347,1376,1538,1764,1790,1792,1905,2053,2348,2487,2660,2706,2708,2740,2776,2795,2884"
ADJ,cosseted,1,2228
ADJ,costly,1,2945
ADJ,cosy,2175,"1,2,4,5,7,8,11,13,14,15,16,17,18,20,21,24,26,27,29,30,32,33,35,36,38,39,40,41,43,45,46,49,50,51,52,53,54,55,56,57,58,59,61,62,63,64,65,66,69,71,72,77,79,80,81,82,83,85,86,88,89,91,92,93,94,96,97,98,99,100,101,102,103,104,106,107,108,109,110,111,112,113,115,116,117,118,119,120,121,122,123,124,125,126,128,129,130,131,132,134,135,136,137,138,139,140,141,142,143,144,145,146,147,151,152,153,155,156,157,158,159,160,161,162,164,165,166,167,168,169,170,171,173,174,177,178,180,182,185,186,187,188,189,190,192,193,197,199,200,201,202,203,204,205,206,207,208,209,210,212,213,214,215,218,219,220,222,223,224,225,226,227,228,229,230,231,232,233,234,235,237,238,239,240,241,242,243,244,245,247,248,249,250,251,252,253,254,255,256,257,258,259,261,262,263,264,265,266,269,270,271,273,274,275,277,278,279,280,281,282,283,284,285,286,287,289,290,291,293,294,296,297,298,299,300,301,302,303,304,306,307,308,309,310,311,312,313,314,315,316,317,318,319,320,321,323,324,325,326,327,328,331,333,335,336,338,340,341,342,343,344,345,346,347,349,350,351,353,354,355,356,359,360,361,363,364,366,367,368,370,371,372,373,375,377,378,379,380,381,382,383,384,385,386,387,388,391,392,393,395,396,397,398,399,402,403,405,406,407,408,409,411,412,413,414,416,417,418,419,420,421,422,424,425,426,427,428,429,430,431,432,433,434,435,436,437,438,439,440,441,442,443,444,445,446,448,449,453,454,456,457,458,459,461,463,465,468,470,471,472,474,477,478,480,481,482,483,484,485,489,490,491,492,494,495,496,497,498,499,501,503,506,507,509,511,512,513,514,515,519,520,521,522,523,524,525,526,527,531,534,535,536,538,539,540,541,542,543,544,545,546,547,548,550,552,553,554,555,557,558,559,560,561,562,563,565,567,569,571,572,574,575,576,578,579,580,581,582,583,586,587,588,590,594,596,597,598,599,600,602,605,606,607,608,611,612,613,614,616,617,618,620,621,624,625,626,627,631,632,633,634,635,637,639,640,641,642,643,645,646,648,649,650,651,652,653,654,657,658,659,660,661,662,663,664,665,666,667,668,669,670,671,672,673,674,675,676,677,678,679,680,681,682,683,684,685,686,687,688,689,690,691,692,693,694,695,696,697,698,699,701,702,703,704,705,706,707,708,709,710,711,712,713,714,715,716,717,718,720,721,723,762,763,764,766,767,768,769,773,775,776,777,778,780,781,783,784,785,786,787,788,789,791,792,793,794,795,796,797,800,801,802,803,804,805,806,807,808,810,813,815,816,819,820,821,823,826,827,828,830,831,832,834,838,839,840,841,842,843,844,845,846,847,848,849,850,851,852,853,854,855,856,858,859,863,864,865,867,868,870,871,872,874,875,877,879,880,881,892,894,897,898,901,902,903,904,909,911,912,914,916,917,918,919,920,921,922,923,924,925,926,927,928,932,933,935,936,937,939,940,942,944,945,946,947,949,950,951,953,954,955,958,959,960,963,964,967,969,972,974,976,978,979,980,981,982,983,987,993,994,997,998,999,1000,1001,1002,1004,1005,1006,1007,1008,1010,1012,1014,1015,1016,1017,1018,1023,1024,1025,1026,1027,1028,1031,1032,1033,1035,1036,1037,1039,1040,1041,1042,1044,1045,1047,1049,1050,1051,1052,1053,1054,1055,1057,1058,1059,1060,1061,1062,1063,1064,1066,1067,1068,1070,1071,1072,1073,1074,1076,1077,1081,1082,1083,1084,1085,1086,1090,1091,1092,1093,1094,1095,1096,1097,1098,1099,1100,1101,1102,1103,1105,1106,1107,1108,1109,1110,1111,1112,1114,1116,1117,1118,1119,1120,1123,1124,1126,1127,1128,1130,1131,1132,1133,1134,1135,1136,1139,1140,1142,1144,1145,1146,1147,1148,1149,1150,1151,1152,1153,1154,1157,1158,1159,1160,1161,1162,1163,1164,1165,1166,1167,1168,1169,1171,1174,1175,1176,1177,1178,1179,1180,1181,1182,1184,1185,1186,1187,1188,1189,1190,1191,1192,1193,1194,1195,1196,1197,1200,1201,1202,1203,1204,1206,1207,1208,1210,1212,1214,1215,1216,1217,1218,1219,1221,1222,1223,1224,1225,1227,1228,1229,1230,1231,1233,1235,1236,1240,1241,1242,1243,1244,1245,1246,1247,1248,1249,1250,1251,1252,1253,1258,1259,1260,1262,1263,1264,1265,1266,1268,1270,1272,1273,1276,1277,1278,1279,1281,1283,1284,1285,1289,1290,1292,1293,1294,1297,1301,1304,1305,1306,1307,1308,1310,1311,1312,1313,1315,1316,1317,1318,1319,1320,1321,1324,1330,1331,1333,1334,1336,1339,1342,1344,1345,1346,1349,1350,1352,1353,1354,1355,1357,1358,1362,1363,1366,1367,1368,1370,1372,1373,1375,1377,1379,1380,1381,1382,1383,1386,1387,1390,1391,1393,1394,1395,1396,1397,1398,1399,1400,1402,1403,1404,1405,1407,1408,1409,1410,1411,1413,1414,1416,1417,1418,1424,1425,1426,1427,1434,1435,1436,1437,1439,1440,1441,1443,1445,1446,1447,1449,1450,1452,1453,1454,1455,1456,1458,1460,1461,1462,1463,1464,1465,1466,1467,1468,1469,1470,1471,1472,1473,1475,1476,1477,1478,1479,1480,1481,1482,1483,1484,1485,1488,1490,1491,1494,1497,1498,1500,1503,1504,1507,1508,1509,1511,1512,1513,1514,1515,1517,1518,1519,1520,1521,1524,1525,1526,1527,1528,1530,1531,1532,1533,1534,1535,1536,1542,1543,1544,1549,1551,1552,1553,1555,1558,1561,1562,1563,1565,1567,1569,1571,1573,1574,1575,1576,1577,1579,1580,1583,1584,1586,1587,1589,1591,1592,1593,1594,1595,1597,1600,1601,1602,1603,1604,1605,1606,1607,1608,1609,1610,1611,1612,1614,1615,1616,1618,1619,1620,1621,1624,1629,1634,1635,1636,1637,1638,1639,1640,1641,1642,1643,1644,1645,1646,1648,1649,1650,1651,1653,1654,1655,1656,1657,1658,1659,1662,1663,1664,1665,1666,1667,1668,1669,1671,1672,1673,1674,1675,1676,1677,1678,1679,1680,1682,1685,1686,1687,1688,1689,1690,1692,1693,1694,1695,1696,1697,1698,1699,1700,1701,1702,1703,1704,1705,1706,1707,1708,1709,1710,1711,1713,1714,1717,1719,1720,1721,1722,1723,1724,1725,1727,1728,1729,1730,1733,1734,1735,1736,1737,1738,1741,1742,1744,1745,1746,1747,1749,1751,1752,1753,1754,1755,1756,1758,1759,1760,1761,1765,1766,1767,1768,1769,1770,1771,1772,1773,1774,1775,1776,1777,1778,1779,1780,1781,1784,1786,1788,1794,1796,1797,1798,1799,1800,1801,1802,1803,1804,1805,1807,1808,1809,1810,1811,1812,1813,1814,1815,1816,1817,1818,1819,1821,1822,1823,1824,1825,1826,1827,1828,1829,1831,1832,1833,1834,1835,1836,1837,1838,1839,1840,1841,1842,1843,1844,1845,1846,1849,1852,1853,1856,1857,1858,1859,1861,1862,1864,1865,1866,1867,1868,1870,1871,1872,1873,1874,1876,1877,1878,1879,1880,1881,1882,1883,1884,1887,1889,1891,1892,1894,1895,1896,1897,1898,1899,1900,1901,1902,1903,1904,1905,1906,1907,1908,1909,1910,1913,1915,1916,1918,1919,1920,1923,1924,1926,1927,1928,1930,1931,1932,1933,1935,1936,1937,1938,1939,1940,1941,1942,1943,1945,1947,1950,1951,1952,1954,1955,1956,1959,1960,1962,1963,1964,1965,1966,1967,1968,1969,1970,1971,1973,1974,1976,1979,1981,1982,1984,1985,1987,1988,1989,1990,1992,1994,1995,1996,1997,1998,1999,2000,2001,2003,2004,2005,2006,2007,2008,2011,2012,2013,2014,2015,2016,2019,2020,2021,2023,2024,2026,2027,2029,2030,2031,2032,2034,2035,2037,2038,2040,2042,2043,2044,2045,2047,2048,2050,2051,2052,2055,2056,2058,2059,2061,2062,2064,2066,2067,2068,2069,2070,2072,2073,2074,2076,2077,2078,2080,2082,2084,2086,2087,2088,2089,2091,2093,2094,2095,2096,2097,2099,2101,2102,2103,2105,2106,2107,2108,2109,2110,2112,2116,2117,2118,2119,2120,2121,2122,2124,2125,2126,2127,2128,2129,2130,2134,2135,2136,2137,2138,2139,2140,2141,2142,2144,2145,2146,2147,2148,2149,2151,2152,2153,2154,2155,2156,2157,2158,2161,2162,2163,2164,2165,2166,2167,2168,2169,2171,2172,2173,2175,2176,2177,2181,2183,2184,2186,2187,2188,2189,2190,2191,2192,2193,2195,2197,2198,2199,2200,2201,2203,2204,2205,2208,2209,2210,2212,2213,2214,2215,2216,2217,2218,2221,2222,2223,2224,2226,2227,2230,2231,2233,2235,2236,2237,2239,2241,2244,2245,2246,2247,2249,2250,2252,2253,2255,2258,2259,2260,2261,2263,2264,2265,2266,2267,2268,2269,2270,2271,2272,2275,2276,2277,2279,2281,2284,2286,2288,2290,2291,2293,2295,2298,2299,2301,2303,2304,2305,2306,2309,2311,2312,2313,2314,2315,2316,2317,2318,2319,2320,2321,2322,2324,2326,2327,2328,2329,2330,2332,2333,2334,2337,2338,2339,2343,2344,2345,2347,2349,2350,2351,2353,2354,2357,2358,2359,2360,2361,2362,2363,2364,2365,2366,2367,2368,2369,2371,2373,2374,2375,2376,2377,2378,2379,2380,2385,2386,2388,2390,2392,2393,2394,2395,2396,2397,2398,2400,2401,2402,2403,2404,2405,2407,2408,2409,2410,2411,2412,2413,2414,2415,2416,2417,2418,2419,2426,2427,2428,2430,2431,2434,2435,2436,2437,2440,2442,2443,2444,2446,2447,2449,2450,2451,2454,2455,2458,2459,2460,2462,2463,2464,2465,2466,2467,2468,2469,2470,2471,2473,2474,2475,2476,2477,2481,2482,2483,2485,2486,2488,2489,2493,2495,2496,2497,2498,2499,2500,2501,2502,2503,2504,2505,2506,2507,2508,2511,2512,2513,2515,2518,2519,2521,2522,2523,2524,2525,2527,2528,2531,2534,2535,2536,2537,2538,2539,2540,2546,2547,2548,2549,2550,2551,2552,2553,2554,2556,2557,2559,2563,2564,2566,2568,2573,2574,2575,2576,2577,2578,2579,2581,2582,2583,2585,2586,2587,2588,2589,2591,2592,2593,2595,2596,2597,2599,2600,2601,2602,2603,2604,2605,2606,2608,2609,2610,2612,2613,2614,2617,2622,2625,2626,2627,2629,2630,2631,2632,2634,2637,2638,2639,2640,2642,2644,2645,2647,2648,2649,2651,2655,2658,2659,2661,2662,2663,2664,2665,2668,2669,2672,2673,2674,2675,2677,2679,2680,2681,2682,2683,2685,2686,2688,2691,2692,2693,2694,2695,2696,2697,2698,2699,2700,2701,2703,2704,2707,2709,2710,2712,2713,2714,2716,2717,2718,2719,2720,2721,2723,2724,2725,2726,2727,2728,2731,2732,2733,2734,2737,2739,2741,2742,2743,2746,2747,2749,2752,2753,2754,2756,2758,2760,2761,2762,2763,2764,2765,2766,2768,2771,2772,2774,2777,2778,2779,2780,2781,2782,2783,2784,2785,2786,2787,2789,2790,2791,2793,2794,2797,2798,2799,2800,2801,2802,2803,2805,2806,2807,2808,2810,2812,2813,2815,2816,2817,2818,2820,2821,2822,2823,2824,2825,2826,2827,2828,2829,2832,2834,2835,2836,2837,2838,2839,2841,2842,2844,2845,2846,2849,2850,2853,2854,2855,2857,2858,2859,2860,2861,2862,2863,2864,2866,2868,2869,2870,2871,2872,2873,2875,2876,2877,2878,2879,2880,2881,2882,2883,2885,2886,2889,2890,2891,2892,2893,2894,2895,2896,2897,2898,2899,2900,2901,2903,2904,2906,2907,2909,2910,2911,2914,2916,2917,2918,2919,2920,2921,2922,2923,2924,2925,2926,2929,2930,2931,2933,2934,2935,2936,2937,2938,2939,2940,2941,2942,2943,2945,2946,2947,2948,2949,2950,2952,2953,2954,2955,2956,2957,2958,2959,2961,2963,2964,2965,2968,2969,2970,2971,2973,2974,2975,2978,2979,2980,2981,2982,2984,2985,2986,2987,2988,2989,2990,2991,2993,2995"
ADJ,counterintuitive,1,323
ADJ,coveted,2,"1543,1672"
ADJ,cozy,4,"44,184,196,1011"
ADJ,cramped,2,"762,1336"
ADJ,creamy,7,"375,376,1400,1611,1877,1993,2563"
ADJ,creative,6,"10,1566,1918,1997,2008,2662"
ADJ,creepy,1,2080
ADJ,crisp,11,"83,152,1784,2040,2071,2502,2527,2647,2730,2747,2781"
ADJ,croissant,1,1952
ADJ,crowded,1,2292
ADJ,crucial,4,"660,1959,2387,2425"
ADJ,cultural,1,1370
ADJ,current,8,"1021,1410,1685,1788,2094,2374,2566,2569"
ADJ,curved,12,"287,420,447,448,449,1266,1311,1750,1871,2329,2374"
ADJ,curvy,2,"577,1872"
ADJ,cushioned,1,1467
ADJ,cut,2,"2676,2797"
ADJ,cute,7,"427,1011,1326,1733,1759,1967,2639"
ADJ,cutesy,1,513
ADJ,daily,5,"650,818,2360,2415,2796"
ADJ,damp,1,2167
ADJ,dangerous,1,2168
ADJ,danish,4,"468,727,2258,2301"
ADJ,dark,172,"18,20,47,57,63,178,264,266,310,386,389,393,394,395,398,419,421,425,435,443,462,464,483,484,492,498,499,536,669,684,720,763,788,799,802,803,835,885,894,903,928,955,965,976,977,979,984,1006,1039,1067,1070,1072,1080,1109,1118,1123,1141,1144,1149,1180,1186,1194,1198,1209,1215,1220,1222,1227,1275,1310,1312,1320,1336,1339,1341,1377,1380,1440,1445,1473,1503,1517,1518,1528,1544,1545,1556,1557,1565,1570,1575,1586,1623,1629,1636,1637,1648,1657,1660,1661,1662,1663,1665,1682,1700,1701,1743,1764,1771,1772,1926,1932,2026,2035,2075,2146,2162,2166,2169,2189,2190,2191,2199,2206,2214,2222,2224,2228,2242,2251,2272,2303,2328,2338,2339,2369,2375,2389,2445,2447,2453,2492,2507,2510,2540,2642,2741,2769,2810,2830,2839,2842,2876,2888,2913,2936,2974,2980,2981,2986"
ADJ,darker,1,1068
ADJ,dated,1,1184
ADJ,dead,2,"2226,2842"
ADJ,decadent,2,"1220,2471"
ADJ,decent,1,2598
ADJ,decor,17,"808,897,1160,1443,1561,1684,1821,1917,2308,2342,2343,2460,2464,2831,2909,2910,2961"
ADJ,decorative,13,"108,133,694,858,1142,1495,1519,1607,1933,2385,2746,2808,2877"
ADJ,dedicated,3,"1173,2406,2535"
ADJ,deep,70,"47,56,99,223,374,394,421,435,443,449,451,485,499,515,546,624,670,778,832,929,951,955,994,1008,1024,1034,1037,1082,1130,1182,1214,1319,1388,1443,1457,1459,1538,1566,1628,1655,1657,1658,1662,1699,1739,1743,1745,1754,1791,1828,1830,1856,1993,2076,2126,2162,2204,2214,2223,2303,2339,2340,2456,2546,2587,2589,2670,2742,2965"
ADJ,definite,1,586
ADJ,delicate,3,"643,1828,2704"
ADJ,delicious,7,"1277,1847,2430,2432,2487,2685,2927"
ADJ,delightful,2,"998,2539"
ADJ,delish,1,1925
ADJ,dependent,2,"464,2417"
ADJ,depressing,2,"1255,2785"
ADJ,desirable,1,2514
ADJ,desperate,1,936
ADJ,detailed,1,397
ADJ,determined,1,315
ADJ,detrimental,1,2843
ADJ,different,58,"5,72,137,231,276,318,326,340,422,456,689,724,823,834,849,897,899,939,954,1114,1120,1188,1221,1252,1306,1321,1357,1371,1472,1498,1499,1558,1607,1694,1704,1784,1820,1855,1892,1895,1932,1964,2136,2173,2238,2265,2271,2278,2331,2342,2508,2565,2725,2770,2845"
ADJ,difficult,2,"819,2364"
ADJ,diffused,1,22
ADJ,digital,2,"163,1507"
ADJ,dilapidated,1,1105
ADJ,dimmable,5,"22,716,816,1344,2062"
ADJ,diner,2,"339,1165"
ADJ,dingy,2,"1215,2191"
ADJ,dinnertime,1,1094
ADJ,direct,1,2993
ADJ,directional,1,2244
ADJ,disguise,1,216
ADJ,disorganised,1,1209
ADJ,dissimilar,1,1956
ADJ,distinct,6,"784,1071,1328,1662,1663,2382"
ADJ,distinctive,4,"362,997,1037,2181"
ADJ,distressed,1,2394
ADJ,diverse,1,475
ADJ,divisive,1,2141
ADJ,domestic,1,293
ADJ,dominating,1,558
ADJ,dormer,1,1336
ADJ,double,7,"166,1117,1137,1361,1573,2217,2827"
ADJ,drab,3,"400,1255,2785"
ADJ,drafty,1,446
ADJ,dramatic,14,"279,443,536,628,977,1024,1057,1166,1246,1637,1658,1721,2214,2981"
ADJ,drastic,1,2946
ADJ,dreamy,2,"2372,2848"
ADJ,dreary,1,400
ADJ,dry,1,2558
ADJ,dual,2,"1934,2803"
ADJ,dull,1,2165
ADJ,durable,3,"36,64,2808"
ADJ,dusky,5,"294,431,452,1019,2327"
ADJ,dynamic,2,"959,2621"
ADJ,eager,1,2300
ADJ,early,5,"1121,1243,1687,2187,2608"
ADJ,earthier,1,1627
ADJ,earthy,66,"46,74,117,221,235,294,400,417,444,461,490,498,506,508,514,518,536,552,579,580,587,619,620,627,647,679,752,974,1017,1019,1031,1055,1083,1227,1229,1251,1254,1299,1380,1422,1457,1515,1516,1529,1623,1629,1753,1791,1813,1833,1899,1906,2003,2110,2211,2213,2230,2358,2374,2468,2474,2486,2523,2524,2690,2748"
ADJ,easy,63,"6,10,11,64,163,219,262,290,304,348,369,465,469,478,519,633,651,663,678,702,897,934,1041,1042,1248,1293,1312,1367,1373,1410,1417,1418,1453,1475,1527,1589,1599,1642,1692,1694,1759,1797,1852,1863,1913,1973,2073,2186,2279,2293,2366,2368,2395,2680,2706,2727,2791,2823,2833,2916,2964,2983"
ADJ,eclectic,9,"319,370,1209,1606,2308,2755,2772,2776,2974"
ADJ,effective,10,"431,879,1987,2105,2546,2605,2736,2744,2757,2954"
ADJ,efficient,9,"189,192,879,1260,1335,1711,1919,2520,2973"
ADJ,elaborate,1,2353
ADJ,electric,22,"71,76,148,160,164,174,192,193,211,212,215,1260,1289,1826,1848,1849,1873,1876,1919,2570,2798"
ADJ,elegant,7,"44,464,1082,1319,1637,1679,1846"
ADJ,elevated,7,"447,1367,1435,1665,1750,2427,2989"
ADJ,embodiment,1,2572
ADJ,emotional,3,"1329,2097,2420"
ADJ,endearing,1,2590
ADJ,energetic,1,1479
ADJ,engaging,1,2621
ADJ,english,2,"2771,2776"
ADJ,enjoyable,3,"2122,2252,2665"
ADJ,entertaining,1,1174
ADJ,enticing,1,1538
ADJ,entire,10,"268,414,1399,1523,1555,1626,1675,1698,1954,2667"
ADJ,equal,5,"459,557,892,2598,2747"
ADJ,ergonomic,1,449
ADJ,essential,28,"93,131,538,686,881,1058,1134,1270,1407,1460,1645,1727,1802,1826,1930,1958,2000,2026,2167,2203,2239,2281,2360,2410,2471,2551,2791,2922"
ADJ,ethnic,1,1684
ADJ,european,1,2012
ADJ,everyday,4,"1405,1699,2749,2921"
ADJ,evocative,3,"1240,1566,2787"
ADJ,excellent,10,"193,338,675,1029,1311,1406,1467,1737,2241,2415"
ADJ,excited,8,"561,1433,1779,1855,1878,1887,2039,2496"
ADJ,exciting,2,"1560,2309"
ADJ,exclusive,2,"1497,1928"
ADJ,expansive,4,"920,1068,1091,1439"
ADJ,expensive,5,"50,1505,1552,1844,2621"
ADJ,exposed,1,1203
ADJ,extended,1,1165
ADJ,exterior,2,"2157,2244"
ADJ,external,1,2973
ADJ,extra,73,"29,67,68,133,148,157,204,244,333,350,386,456,457,589,590,685,697,701,744,756,903,939,954,977,1003,1004,1038,1041,1165,1269,1274,1302,1375,1395,1412,1425,1579,1581,1633,1651,1664,1728,1848,1863,1991,1994,2044,2073,2112,2220,2285,2302,2393,2401,2443,2471,2472,2565,2575,2669,2677,2714,2721,2723,2790,2827,2846,2853,2865,2900,2919"
ADJ,extraordinary,1,1887
ADJ,extravagant,1,1489
ADJ,extreme,3,"1905,2748,2844"
ADJ,exuberant,1,2735
ADJ,fab,1,1974
ADJ,fabulous,7,"389,811,2129,2349,2739,2858,2877"
ADJ,fail,1,2134
ADJ,false,1,1389
ADJ,familiar,2,"440,1244"
ADJ,fancy,2,"2734,2749"
ADJ,fantastic,3,"54,1849,2644"
ADJ,far,3,"287,1030,2619"
ADJ,fashioned,1,1666
ADJ,fast,5,"301,511,1302,1480,2380"
ADJ,faux,20,"150,174,282,701,868,939,940,1364,1893,2079,2114,2455,2573,2595,2609,2633,2690,2766,2948"
ADJ,fave,1,178
ADJ,favour,1,1436
ADJ,favourable,1,557
ADJ,favourite,41,"804,810,957,1000,1210,1211,1420,1593,1607,1702,1707,1733,1735,1843,1975,2042,2103,2120,2227,2234,2298,2378,2445,2464,2596,2624,2633,2697,2700,2761,2777,2778,2783,2798,2808,2818,2827,2876,2924"
ADJ,feline,1,2077
ADJ,fellow,1,833
ADJ,festive,36,"104,108,591,870,892,1096,1204,1985,1993,1999,2000,2001,2008,2013,2019,2025,2061,2072,2101,2102,2601,2639,2640,2736,2753,2760,2761,2769,2779,2862,2909,2912,2919,2932,2933,2939"
ADJ,fiddle,1,2739
ADJ,fiery,1,974
ADJ,final,1,1769
ADJ,fine,10,"485,557,894,960,1519,2292,2477,2532,2810,2880"
ADJ,fingerless,1,2813
ADJ,fireside,2,"864,1856"
ADJ,firm,3,"395,1604,1682"
ADJ,firmer,1,1577
ADJ,fitting,2,"2771,2817"
ADJ,flat,6,"286,954,969,1034,2227,2852"
ADJ,flattering,1,2949
ADJ,flex,1,1245
ADJ,flexible,1,902
ADJ,flooring,1,2111
ADJ,floral,7,"714,1323,1600,1613,1755,1882,2772"
ADJ,fluffy,12,"225,836,1968,2024,2078,2433,2517,2556,2592,2609,2842,2929"
ADJ,fluted,2,"1221,2044"
ADJ,foam,1,1425
ADJ,focal,18,"299,335,436,525,533,698,747,825,1039,1052,1702,1861,2412,2581,2622,2744,2840,2872"
ADJ,fold,1,1132
ADJ,following,1,2199
ADJ,fond,2,"654,2818"
ADJ,foolproof,1,2372
ADJ,forgiving,1,1198
ADJ,fourth,1,318
ADJ,fragrant,1,1847
ADJ,framed,2,"863,1338"
ADJ,frazzled,1,2771
ADJ,free,9,"62,300,1429,1562,1659,2072,2127,2890"
ADJ,french,3,"275,1068,2903"
ADJ,fresh,27,"87,116,122,380,489,559,632,801,823,1202,1314,1393,1451,1562,1708,1891,1969,2228,2276,2360,2415,2451,2716,2743,2752,2891,2944"
ADJ,friendly,10,"249,1130,1135,1302,1698,1898,2128,2241,2635,2777"
ADJ,fringed,1,2526
ADJ,fronted,2,"286,1117"
ADJ,frosted,3,"1455,2919,2958"
ADJ,frosty,3,"1297,1420,2921"
ADJ,fun,3,"319,2593,2792"
ADJ,functional,14,"2,652,769,998,1170,1348,1391,1460,2309,2389,2532,2538,2820,2970"
ADJ,functioning,1,1051
ADJ,funky,2,"27,1840"
ADJ,furry,3,"1441,1498,1734"
ADJ,fuzzy,1,85
ADJ,general,5,"145,1512,1761,2647,2866"
ADJ,generous,1,2685
ADJ,gentle,13,"209,362,378,557,689,1854,1869,2305,2339,2393,2708,2812,2881"
ADJ,genuine,1,2918
ADJ,geometric,1,484
ADJ,georgian,1,1155
ADJ,giant,2,"837,2658"
ADJ,glamorous,1,2741
ADJ,glitzy,1,2735
ADJ,gloomy,2,"949,2303"
ADJ,glorious,3,"1719,1925,2602"
ADJ,glossy,1,360
ADJ,glowing,1,901
ADJ,gold,1,2761
ADJ,golden,5,"349,1763,2499,2761"
ADJ,good,155,"49,52,60,64,65,71,76,77,79,131,142,148,160,179,181,221,253,269,270,314,315,337,342,361,409,430,440,510,520,548,562,574,602,617,658,661,665,704,723,880,919,934,946,964,992,998,1010,1073,1235,1284,1363,1437,1453,1470,1502,1510,1511,1549,1569,1570,1583,1601,1614,1625,1640,1643,1652,1659,1664,1704,1726,1752,1761,1766,1806,1813,1815,1816,1818,1825,1826,1827,1857,1870,1873,1901,1952,1994,1995,2022,2073,2092,2093,2118,2120,2138,2168,2170,2185,2229,2230,2260,2280,2300,2327,2333,2352,2354,2371,2408,2438,2470,2474,2477,2495,2497,2501,2503,2510,2514,2516,2527,2565,2570,2606,2678,2697,2707,2712,2715,2719,2747,2754,2755,2780,2786,2797,2806,2837,2865,2866,2873,2878,2885,2906,2912,2948,2989"
ADJ,gorgeous,15,"433,598,1725,1760,1842,1856,1946,2003,2416,2439,2675,2761,2804,2805,2976"
ADJ,gothic,1,1918
ADJ,grainy,1,1168
ADJ,grandiose,1,1499
ADJ,grandmillennial,1,2377
ADJ,graphic,1,2644
ADJ,grateful,1,81
ADJ,great,113,"28,50,63,70,76,78,96,124,136,139,151,192,201,220,229,233,366,387,405,463,628,646,670,680,684,806,845,957,966,980,991,1025,1036,1195,1211,1256,1298,1319,1351,1353,1381,1405,1473,1481,1488,1495,1507,1526,1543,1575,1594,1595,1597,1598,1609,1687,1690,1713,1740,1760,1771,1824,1896,1899,1911,1919,1948,1978,2049,2112,2137,2176,2183,2191,2220,2235,2255,2265,2266,2295,2325,2328,2342,2351,2352,2362,2446,2553,2555,2556,2565,2582,2583,2666,2758,2796,2808,2846,2875,2877,2879,2920,2926,2937,2939,2951,2980,2981,2993"
ADJ,green,32,"213,263,464,968,1010,1031,1054,1202,1214,1275,1320,1516,1536,1628,1737,1745,1754,1828,1934,1950,2023,2076,2126,2169,2223,2439,2540,2589,2743,2744,2792,2842"
ADJ,grey,19,"78,415,560,702,803,833,835,897,972,980,982,1021,1081,2265,2291,2423,2525,2643"
ADJ,grim,1,1421
ADJ,gross,1,371
ADJ,grounded,4,"478,722,1745,1935"
ADJ,grounding,2,"704,1019"
ADJ,half,3,"357,826,1606"
ADJ,handwoven,1,1741
ADJ,handy,6,"66,156,367,756,1793,2957"
ADJ,happy,11,"176,291,762,805,1393,1398,1888,1928,2004,2006,2451"
ADJ,hard,17,"88,94,511,839,1033,1200,1467,1480,1643,1675,1728,2370,2390,2528,2622,2642,2948"
ADJ,harmonious,8,"599,835,887,1368,1428,1720,1754,2618"
ADJ,harsh,12,"314,524,595,927,1458,1585,1736,1885,2441,2442,2447,2479"
ADJ,haven,1,2586
ADJ,hazy,1,2746
ADJ,healthy,1,189
ADJ,heartfelt,1,1459
ADJ,hearty,1,2940
ADJ,heated,9,"160,161,164,202,1383,1920,1936,1991"
ADJ,heavy,8,"36,103,1019,1310,1830,2236,2440,2902"
ADJ,hectic,2,"1139,1261"
ADJ,hedgehog,4,"1667,2558,2674,2676"
ADJ,herbal,1,1934
ADJ,hidden,1,1469
ADJ,high,26,"17,441,488,930,954,957,1003,1041,1076,1303,1523,1621,1750,1798,1960,1971,2273,2274,2323,2432,2660,2723,2855,2905"
ADJ,homely,2,"754,1415"
ADJ,homemade,1,2432
ADJ,horizontal,2,"1537,2940"
ADJ,hot,44,"43,52,111,112,159,162,203,260,552,638,723,1004,1211,1340,1386,1408,1426,1456,1580,1602,1643,1673,1780,2007,2309,2415,2432,2610,2611,2613,2651,2766,2767,2768,2785,2788,2798,2801,2872,2887"
ADJ,huge,10,"298,303,1127,1264,1332,1912,1917,2204,2567,2800"
ADJ,humble,2,"673,2296"
ADJ,hygge,12,"468,469,655,657,691,947,1152,1256,1352,2279,2710,2745"
ADJ,hyper,1,2382
ADJ,iconic,2,"1609,2783"
ADJ,icy,2,"1234,2745"
ADJ,ideal,64,"41,197,278,280,311,327,374,381,391,394,418,446,453,462,536,543,639,706,712,778,896,972,979,990,1024,1157,1180,1229,1304,1339,1344,1374,1426,1458,1508,1563,1662,1663,1699,1723,1734,1751,1756,1776,1869,1893,1899,1921,1988,1996,2095,2223,2256,2314,2327,2343,2421,2469,2500,2539,2760,2773,2882,2899"
ADJ,imaginative,2,"1704,2746"
ADJ,immediate,1,698
ADJ,immense,1,1002
ADJ,immersive,2,"1246,1319"
ADJ,impactful,4,"45,653,1240,2787"
ADJ,imperfect,1,2775
ADJ,impersonal,1,725
ADJ,important,42,"15,42,53,127,167,176,583,724,850,854,1139,1140,1338,1391,1476,1488,1498,1736,1789,1804,2091,2136,2161,2194,2197,2247,2248,2259,2264,2386,2396,2428,2442,2447,2449,2475,2712,2800,2806,2883,2884,2906"
ADJ,impressed,1,1023
ADJ,impressive,1,1127
ADJ,inaugural,1,2627
ADJ,incredible,1,2521
ADJ,independent,1,2283
ADJ,individual,3,"227,512,1555"
ADJ,indoor,10,"1008,1368,1453,1692,2070,2489,2664,2737,2843,2950"
ADJ,indulgent,2,"73,873"
ADJ,industrial,5,"1353,1354,2100,2153,2250"
ADJ,inflatable,1,1673
ADJ,informal,4,"331,1009,2257,2539"
ADJ,infrared,1,1289
ADJ,inky,2,"1227,1566"
ADJ,inlay,1,983
ADJ,innovative,1,2324
ADJ,inspiring,2,"1263,2538"
ADJ,instant,9,"22,47,329,841,929,990,1554,2279,2736"
ADJ,insulated,1,2112
ADJ,integral,1,142
ADJ,intense,4,"1290,1399,1538,2536"
ADJ,intentional,2,"1599,2388"
ADJ,interesting,6,"803,825,1169,1200,1221,1313"
ADJ,interior,36,"184,322,323,360,363,491,586,679,946,957,1047,1219,1277,1372,1487,1504,1533,1536,1679,1685,1708,1760,1802,2068,2230,2251,2309,2375,2468,2557,2627,2630,2668,2771,2785,2935"
ADJ,internal,4,"1036,1391,2751"
ADJ,intimate,54,"93,122,208,391,393,418,443,452,479,499,647,708,716,875,880,930,956,965,1039,1237,1355,1372,1434,1445,1506,1518,1522,1525,1542,1550,1584,1642,1657,1661,1662,1699,1756,1862,1869,1871,1926,2043,2091,2099,2146,2190,2223,2242,2328,2389,2444,2445,2899,2993"
ADJ,inviting,10,"219,326,713,928,1358,1685,2084,2105,2763,2822"
ADJ,japanese,3,"269,1726,2049"
ADJ,joyous,2,"867,1888"
ADJ,jumbo,1,551
ADJ,juvenile,1,1942
ADJ,keen,2,"2186,2325"
ADJ,key,37,"128,157,302,598,609,687,830,848,883,1073,1152,1284,1347,1376,1416,1536,1619,1649,1724,1817,1819,1869,1870,1879,1892,1896,1943,1964,2182,2250,2288,2289,2358,2422,2426,2579,2672"
ADJ,knitted,2,"174,2115"
ADJ,laidback,1,1332
ADJ,laminate,1,64
ADJ,large,82,"31,102,148,265,307,313,320,351,356,390,400,412,436,475,545,562,778,788,800,808,826,836,859,907,921,958,960,963,985,991,992,998,1025,1077,1097,1119,1171,1173,1187,1303,1311,1319,1328,1333,1444,1516,1518,1543,1582,1584,1609,1660,1662,1730,1761,1845,2029,2161,2190,2207,2208,2217,2262,2289,2317,2337,2338,2438,2445,2532,2563,2744,2891,2945,2954,2960,2976,2978,2985"
ADJ,lasting,1,2097
ADJ,late,13,"445,548,676,1345,1347,1497,1598,1829,1929,2185,2281,2391,2533"
ADJ,later,1,1589
ADJ,layer,5,"604,649,1854,2681,2831"
ADJ,layered,16,"340,494,497,501,884,980,996,1159,1405,1415,1679,2455,2755,2827,2904,2992"
ADJ,layering,1,1269
ADJ,layout,2,"854,1271"
ADJ,lazy,1,2023
ADJ,leaded,1,2172
ADJ,leaden,1,429
ADJ,leafy,3,"1611,1778,2505"
ADJ,led,1,163
ADJ,legged,1,706
ADJ,leisurely,1,1007
ADJ,lengthy,1,815
ADJ,light,83,"122,176,186,198,277,297,309,314,321,366,383,398,411,426,427,475,488,524,527,532,643,679,832,835,869,906,929,972,979,984,995,1006,1037,1074,1107,1125,1135,1191,1198,1229,1275,1299,1306,1339,1341,1348,1412,1421,1434,1497,1518,1556,1557,1563,1588,1606,1650,1754,1930,1972,2035,2063,2071,2075,2222,2228,2236,2262,2272,2507,2526,2618,2647,2802,2811,2831,2944,2958,2985"
ADJ,lightweight,2,"2526,2734"
ADJ,like,19,"21,121,153,154,315,374,443,641,1128,1305,1670,1699,1701,1928,2094,2368,2666,2743,2786"
ADJ,likely,5,"252,512,951,955,2980"
ADJ,limited,4,"1483,1508,2113,2586"
ADJ,lit,2,"2092,2605"
ADJ,literal,1,865
ADJ,little,53,"19,124,140,168,233,380,513,597,683,927,937,971,998,1002,1043,1051,1086,1171,1261,1271,1382,1399,1429,1455,1456,1558,1572,1580,1596,1697,1704,1781,2004,2053,2079,2183,2187,2226,2257,2292,2331,2377,2445,2467,2487,2600,2639,2675,2820,2822,2823,2826"
ADJ,liveable,3,"459,1296,1354"
ADJ,lived,1,683
ADJ,lively,2,"442,1889"
ADJ,living,4,"902,1664,1676,2889"
ADJ,local,2,"1734,2925"
ADJ,loft,1,2863
ADJ,lollipop,1,2603
ADJ,long,31,"260,288,387,418,657,729,782,850,1106,1132,1180,1451,1569,1624,1650,1652,1699,1826,1921,2070,2122,2171,2465,2478,2494,2579,2595,2638,2651,2685,2794"
ADJ,loose,1,2388
ADJ,loungeable,1,1287
ADJ,lovely,27,"44,294,318,380,432,554,798,1010,1092,1123,1143,1202,1219,1298,1300,1312,1572,1602,1932,1973,2281,2440,2654,2734,2748,2846,2864"
ADJ,low,22,"177,257,327,338,684,687,704,816,918,986,1013,1023,1228,1268,1280,1303,1395,1550,1712,1896,2107,2965"
ADJ,lush,1,238
ADJ,luxe,6,"670,742,1287,1487,2765,2815"
ADJ,luxurious,39,"99,102,158,276,379,391,421,471,549,645,667,721,722,795,899,994,1054,1182,1192,1270,1366,1388,1482,1491,1506,1756,1773,2034,2119,2267,2404,2424,2425,2588,2665,2840,2881,2977,2991"
ADJ,mad,2,"1274,2637"
ADJ,magical,7,"1285,1887,1941,1955,2020,2937"
ADJ,main,7,"177,530,896,1108,1149,1442,2351"
ADJ,major,6,"53,501,566,2154,2602,2687"
ADJ,manageable,1,1328
ADJ,marshmallowy,1,2700
ADJ,massive,1,235
ADJ,matching,1,2079
ADJ,matt,1,704
ADJ,mattress,3,"60,1604,2393"
ADJ,mature,1,1844
ADJ,maximalist,1,2760
ADJ,maximum,2,"1087,1834"
ADJ,meaningful,1,1008
ADJ,meaningless,1,1356
ADJ,medium,1,1052
ADJ,mere,1,729
ADJ,messy,1,145
ADJ,metallic,11,"117,705,711,922,1446,2192,2568,2705,2793,2794,2913"
ADJ,mezzanine,1,2353
ADJ,microwaveable,1,2575
ADJ,mid,5,"913,975,987,1528,1536"
ADJ,middle,1,75
ADJ,mild,1,1875
ADJ,mini,5,"116,918,1453,1468,2245"
ADJ,miniature,2,"1453,1946"
ADJ,minimal,6,"652,718,1160,1357,2382,2383"
ADJ,minimalist,6,"586,731,979,987,1983,2972"
ADJ,minimalistic,2,"823,2605"
ADJ,minimum,1,1087
ADJ,mixed,4,"497,1112,1142,2285"
ADJ,mocha,1,201
ADJ,modern,40,"62,64,269,293,370,374,427,635,645,668,681,683,702,710,770,790,801,822,899,1041,1088,1267,1314,1324,1428,1441,1495,1535,1560,1629,1836,1966,2125,2156,2284,2291,2374,2697,2954,2972"
ADJ,modernist,1,1319
ADJ,modular,2,"639,988"
ADJ,mongolian,1,2633
ADJ,moody,13,"455,498,499,787,803,1109,1227,1718,1772,2273,2375,2447,2861"
ADJ,motivated,1,1589
ADJ,mouldy,1,371
ADJ,muddy,1,1498
ADJ,mulled,3,"1847,1934,2763"
ADJ,multi,4,"980,1030,1051,1335"
ADJ,multifunctional,2,"42,756"
ADJ,multiple,3,"49,399,1650"
ADJ,muted,7,"484,537,1209,1230,1516,1752,1813"
ADJ,mysterious,1,2587
ADJ,narrow,6,"781,782,783,985,991,1921"
ADJ,national,1,1887
ADJ,natural,94,"8,64,96,306,342,345,362,376,382,419,478,555,587,620,647,653,678,706,722,737,779,845,955,956,994,1015,1031,1034,1125,1225,1259,1309,1368,1371,1376,1391,1446,1451,1483,1532,1560,1582,1634,1660,1667,1668,1684,1685,1708,1714,1732,1748,1762,1792,1806,1817,1858,1871,1899,1906,2037,2065,2071,2072,2075,2076,2100,2189,2191,2201,2235,2257,2259,2327,2337,2339,2399,2400,2453,2542,2570,2577,2637,2704,2727,2745,2795,2812,2851,2859,2889,2909,2944,2971"
ADJ,nearby,1,2924
ADJ,neat,1,2776
ADJ,necessary,3,"177,527,1848"
ADJ,needless,1,2928
ADJ,negative,1,310
ADJ,negotiable,1,2086
ADJ,nesting,1,2632
ADJ,neutral,58,"169,304,308,309,408,475,563,625,721,833,834,918,925,969,970,971,974,978,1034,1071,1081,1160,1204,1299,1367,1399,1423,1435,1440,1514,1679,1846,1878,1980,2005,2071,2138,2230,2265,2423,2493,2573,2600,2601,2637,2648,2691,2697,2704,2740,2743,2763,2822,2835,2837,2904,2909"
ADJ,new,87,"60,292,349,350,380,495,510,542,564,565,566,573,578,582,882,911,912,923,1090,1092,1105,1115,1121,1132,1134,1161,1191,1265,1408,1429,1430,1432,1433,1478,1647,1690,1729,1778,1829,1832,1841,1842,1882,1928,1976,1979,2005,2027,2039,2079,2202,2251,2254,2258,2276,2284,2320,2324,2376,2391,2430,2462,2511,2512,2515,2543,2578,2596,2607,2621,2622,2629,2649,2667,2668,2729,2747,2835,2852,2919,2921,2927,2953"
ADJ,nice,15,"43,364,1070,1124,1151,1272,1363,1692,1767,2078,2465,2572,2661,2789,2946"
ADJ,nifty,2,"946,2599"
ADJ,nigh,1,2695
ADJ,non,2,"1510,2086"
ADJ,nook,1,2163
ADJ,nordic,8,"110,2067,2069,2420,2485,2738,2818,2931"
ADJ,normal,1,2440
ADJ,north,1,2944
ADJ,nostaglic,1,1957
ADJ,nostalgic,15,"989,1370,1524,1830,1837,1953,1956,1984,1985,1997,1999,2103,2722,2755,2782"
ADJ,noticeable,1,471
ADJ,nuanced,1,1319
ADJ,nubby,2,"1494,2808"
ADJ,nude,1,1440
ADJ,obsidian,1,1094
ADJ,obvious,4,"134,2004,2266,2340"
ADJ,occasional,2,"711,2764"
ADJ,occupational,1,1722
ADJ,ochre,2,"1380,1607"
ADJ,odd,2,"800,1694"
ADJ,odourless,1,2872
ADJ,official,1,2701
ADJ,old,18,"58,132,339,637,1066,1105,1208,1425,1488,1560,1666,2032,2145,2184,2251,2522,2842"
ADJ,olive,3,"461,1627,1746"
ADJ,open,48,"6,9,19,124,293,308,428,531,532,682,700,754,771,901,1089,1097,1103,1115,1131,1132,1137,1146,1147,1158,1195,1237,1249,1339,1383,1393,1434,1441,1514,1520,1531,1660,1662,1781,1933,1960,2071,2161,2217,2489,2520,2780,2964"
ADJ,opposite,2,"1209,2888"
ADJ,oppressive,2,"972,2303"
ADJ,optimal,1,23
ADJ,optimum,1,179
ADJ,orange,4,"1239,1833,2539,2572"
ADJ,ordinary,1,44
ADJ,organic,8,"262,345,785,1516,1685,2169,2374,2449"
ADJ,original,7,"728,1056,1063,1110,2105,2296,2966"
ADJ,ornate,1,1452
ADJ,outdoor,72,"227,229,234,236,241,242,249,352,355,1012,1014,1016,1028,1045,1272,1289,1315,1318,1455,1492,1511,1540,1551,1562,1569,1592,1593,1594,1596,1597,1599,1617,1622,1645,1651,1735,1768,1942,2149,2165,2244,2245,2281,2282,2297,2300,2305,2309,2314,2402,2403,2404,2406,2417,2489,2563,2737,2872,2950,2983,2987,2989,2991,2994,2995"
ADJ,outdoors,1,245
ADJ,outside,7,"694,721,1646,1649,1902,2478,2903"
ADJ,outward,1,987
ADJ,overall,16,"35,299,321,661,692,930,1130,1170,1299,1449,1588,1828,2264,2750,2851,2904"
ADJ,overcrowded,1,2842
ADJ,overhead,5,"177,206,524,687,905"
ADJ,overheat,1,1601
ADJ,overnight,1,77
ADJ,oversized,5,"157,746,1210,2285,2954"
ADJ,overwhelming,3,"1279,1449,1816"
ADJ,pale,7,"18,431,977,1658,1788,2338,2986"
ADJ,paramount,1,2455
ADJ,parisian,1,1952
ADJ,particular,5,"513,1357,1396,2600,2877"
ADJ,past,5,"243,545,989,1750,2888"
ADJ,pastel,7,"311,395,1017,1682,2071,2453,2704"
ADJ,pastoral,1,1451
ADJ,patterned,1,969
ADJ,peaceful,5,"442,1423,1459,1689,2421"
ADJ,peachy,4,"83,1224,1623,1639"
ADJ,pebble,2,"982,2641"
ADJ,pefect,1,2061
ADJ,pendant,16,"199,267,268,284,689,905,1136,1523,1543,1672,2127,2227,2256,2366,2518"
ADJ,perfect,217,"1,10,39,67,82,99,119,124,183,194,198,200,210,223,238,249,266,274,277,285,297,298,308,357,384,387,436,445,446,457,476,491,502,529,537,550,551,588,596,612,640,650,658,669,685,795,797,814,820,833,870,877,880,899,916,925,959,975,993,1013,1016,1021,1024,1037,1086,1088,1108,1114,1118,1152,1157,1166,1173,1174,1213,1232,1241,1251,1259,1264,1292,1304,1305,1308,1317,1355,1362,1366,1371,1372,1405,1424,1435,1445,1451,1468,1512,1531,1538,1542,1550,1560,1566,1573,1576,1596,1606,1620,1636,1658,1662,1737,1745,1751,1757,1759,1765,1766,1770,1772,1774,1786,1791,1811,1819,1822,1823,1832,1834,1841,1848,1858,1869,1884,1888,1924,1927,1928,1934,1935,1957,1968,2000,2023,2031,2039,2043,2048,2099,2129,2166,2180,2209,2216,2256,2280,2281,2290,2291,2306,2309,2338,2345,2353,2375,2381,2409,2425,2430,2457,2460,2462,2496,2509,2526,2536,2554,2580,2585,2588,2591,2610,2618,2620,2629,2632,2646,2652,2673,2688,2692,2699,2705,2721,2741,2749,2753,2755,2769,2775,2778,2779,2783,2790,2799,2800,2806,2808,2826,2830,2846,2863,2872,2876,2930,2953"
ADJ,pergola,2,"231,249"
ADJ,permanent,3,"1509,1510,1949"
ADJ,personable,1,496
ADJ,personal,15,"100,146,315,370,725,755,858,1479,1681,2194,2392,2547,2838,2876,2894"
ADJ,personalised,1,607
ADJ,pet,2,"1498,2293"
ADJ,petit,1,2245
ADJ,petite,2,"2150,2208"
ADJ,physical,4,"1494,2230,2383,2420"
ADJ,pink,18,"431,968,1018,1020,1130,1435,1503,1515,1536,1846,2142,2327,2328,2539,2698,2830,2913,2958"
ADJ,pinkish,2,"971,972"
ADJ,pistachio,1,357
ADJ,pivotal,1,1802
ADJ,plain,6,"525,630,1047,1051,2355,2557"
ADJ,platey,1,2835
ADJ,playful,4,"318,998,2041,2097"
ADJ,playtime,1,1467
ADJ,pleasant,2,"302,1651"
ADJ,pleased,3,"1077,1504,2818"
ADJ,pleasing,4,"459,1511,1708,2749"
ADJ,pleated,1,995
ADJ,plenty,4,"356,843,1470,1626"
ADJ,plugin,1,17
ADJ,plump,1,685
ADJ,plush,14,"30,61,549,1182,1415,1562,2293,2306,2428,2455,2609,2709,2723,2885"
ADJ,polished,1,1135
ADJ,pompom,1,2705
ADJ,popular,30,"38,41,278,370,444,508,847,1007,1320,1323,1331,1354,1361,1561,1571,1744,1836,1980,2010,2079,2115,2307,2336,2399,2608,2623,2652,2808,2958"
ADJ,portable,1,1525
ADJ,posh,1,152
ADJ,positive,2,"310,2784"
ADJ,possible,8,"302,1326,1471,1694,2420,2610,2885,2909"
ADJ,potential,2,"728,1714"
ADJ,powerful,5,"101,1077,1445,2768,2784"
ADJ,practical,25,"34,219,281,289,301,843,859,864,1296,1338,1389,1513,1588,1713,1729,1901,1911,1923,2147,2355,2538,2574,2660,2661,2674"
ADJ,pre,3,"1383,2092,2605"
ADJ,precious,1,1167
ADJ,preferred,1,1408
ADJ,preloved,1,1448
ADJ,premium,5,"276,820,1487,1829,2948"
ADJ,prep,1,1306
ADJ,pretty,2,"1546,2736"
ADJ,previous,3,"1061,1676,2030"
ADJ,primary,1,455
ADJ,principal,1,1683
ADJ,pristine,1,1428
ADJ,private,3,"252,1624,1768"
ADJ,productive,3,"2836,2837"
ADJ,professional,1,77
ADJ,proof,1,2077
ADJ,proper,1,329
ADJ,prospective,1,2558
ADJ,proud,1,2171
ADJ,provoking,1,722
ADJ,pull,1,418
ADJ,pure,2,"1652,2358"
ADJ,purple,2,"1388,2288"
ADJ,putty,1,1788
ADJ,qualified,1,1722
ADJ,quick,14,"465,672,692,851,1410,1418,1419,1642,1888,2073,2227,2279,2677,2768"
ADJ,quiet,12,"341,596,1008,1012,1330,1357,1680,1716,1940,2354,2740,2912"
ADJ,quirky,2,"520,2643"
ADJ,rainy,1,2397
ADJ,random,1,2976
ADJ,rare,1,2622
ADJ,rattan,12,"678,956,1014,1015,1041,1532,1634,1684,1685,2196,2714,2833"
ADJ,raw,1,970
ADJ,ready,31,"147,200,350,363,364,641,655,685,923,1137,1221,1640,1766,1880,1918,1959,2045,2058,2118,2138,2347,2365,2433,2435,2568,2604,2605,2652,2679,2789,2904"
ADJ,real,22,"38,52,77,178,428,690,1054,1104,1288,1357,1494,1609,2252,2268,2292,2359,2385,2449,2762,2877"
ADJ,realistic,1,2324
ADJ,rear,1,1103
ADJ,reasonable,1,2433
ADJ,recent,6,"1007,1894,2143,2535,2619,2804"
ADJ,rechargeable,4,"178,1650,1694,2447"
ADJ,reclaimed,2,"307,2454"
ADJ,recognisable,1,2366
ADJ,rectangular,2,"273,1921"
ADJ,recycled,1,2594
ADJ,red,19,"213,453,498,518,707,976,1222,1241,1388,1515,1833,1925,1950,2023,2207,2256,2380,2536"
ADJ,reddish,2,"1637,1753"
ADJ,reflective,1,2370
ADJ,refresh,2,"1831,2467"
ADJ,refreshing,1,1252
ADJ,regal,1,795
ADJ,relaxed,38,"9,30,39,197,258,331,332,365,381,447,551,607,642,660,714,717,823,904,914,1172,1197,1204,1405,1440,1561,1685,1720,1999,2250,2330,2443,2451,2542,2582,2583,2716,2875,2899"
ADJ,relaxing,7,"462,890,1021,1311,1399,1638,2889"
ADJ,reminiscent,6,"1366,2017,2084,2379,2453,2781"
ADJ,remote,2,"1555,2733"
ADJ,removable,2,"525,1043"
ADJ,renowned,2,"1912,2639"
ADJ,rental,2,"1553,1694"
ADJ,rented,1,1510
ADJ,resilient,1,31
ADJ,resourcefulness,1,2756
ADJ,restful,9,"444,712,1477,1532,2166,2319,2338,2693,2986"
ADJ,restorative,1,2559
ADJ,reversible,2,"2640,2675"
ADJ,ribbed,1,55
ADJ,rich,49,"47,375,479,514,515,516,627,667,707,708,780,847,857,965,990,1024,1034,1083,1157,1236,1240,1252,1377,1457,1570,1575,1648,1690,1699,1743,1745,1814,1832,1850,1925,1984,2054,2221,2325,2335,2340,2469,2648,2669,2697,2771,2772,2787"
ADJ,right,53,"13,52,84,100,127,129,141,153,176,198,290,482,501,520,534,659,665,680,681,693,812,915,958,1040,1050,1152,1348,1411,1489,1561,1589,1618,1675,1694,1819,1866,1867,1943,2027,2091,2208,2270,2417,2423,2434,2584,2796,2800,2853,2935"
ADJ,risky,1,2242
ADJ,robust,1,1561
ADJ,roman,1,2840
ADJ,romantic,6,"1072,1323,1871,1872,2313,2699"
ADJ,roomy,1,2981
ADJ,rose,1,2327
ADJ,rough,1,2151
ADJ,round,5,"52,389,751,1921,1926"
ADJ,rounded,4,"55,299,785,2181"
ADJ,rug,3,"1136,1153,2426"
ADJ,rugged,2,"1181,2054"
ADJ,rustic,32,"236,329,404,407,427,537,645,678,706,811,922,1529,1596,1613,1708,1732,1746,1905,1906,2047,2110,2180,2316,2456,2524,2722,2738,2831,2835,2909,2958"
ADJ,sacred,1,1715
ADJ,safe,19,"46,977,991,992,1396,1453,1498,1624,1641,1722,1802,1870,1876,2077,2134,2228,2332,2620,2826"
ADJ,sanctuary,4,"1532,1699,1881,2694"
ADJ,sandy,2,"1422,1423"
ADJ,satisfied,1,2059
ADJ,scandi,1,2105
ADJ,scandinavian,8,"269,648,1256,1937,2404,2500,2559,2831"
ADJ,scarlet,1,863
ADJ,scary,4,"928,1915,2483,2592"
ADJ,scenic,1,2953
ADJ,scented,19,"381,419,1507,2099,2175,2430,2445,2480,2488,2495,2496,2497,2575,2592,2655,2656,2764,2784,2906"
ADJ,scottish,4,"1370,2054,2055,2057"
ADJ,sculptural,2,"1305,2342"
ADJ,seamless,3,"67,334,1573"
ADJ,seasonal,18,"106,138,874,942,1006,1008,1041,1099,1775,1961,1962,1969,2016,2102,2685,2831,2939"
ADJ,second,1,1112
ADJ,secondary,1,2104
ADJ,secret,1,186
ADJ,semi,1,1291
ADJ,sensitive,1,1395
ADJ,sensory,2,"676,1363"
ADJ,sentimental,1,2097
ADJ,separate,8,"418,430,890,1287,1321,1391,2348,2553"
ADJ,serene,9,"269,1448,1532,1737,2329,2330,2554,2743,2837"
ADJ,serenely,1,678
ADJ,shady,2,"896,1743"
ADJ,shaggy,4,"860,1571,2114,2275"
ADJ,shaped,1,1770
ADJ,sheepskin,1,2556
ADJ,sheer,3,"1250,1291,1451"
ADJ,sheltered,1,2818
ADJ,shiny,1,912
ADJ,short,15,"97,492,658,696,1369,1420,1936,2275,2410,2435,2445,2472,2478,2632,2695"
ADJ,shut,1,2877
ADJ,sick,1,2080
ADJ,sickly,2,"2796,2906"
ADJ,significant,1,692
ADJ,silky,2,"158,2527"
ADJ,silver,1,2759
ADJ,similar,13,"16,98,323,988,1037,1396,1550,1592,1724,1936,2598,2922,2953"
ADJ,simple,33,"87,180,264,352,407,439,653,656,713,716,841,851,953,970,1220,1281,1344,1413,1505,1556,1630,1784,1819,1901,1946,1956,2017,2072,2270,2375,2456,2736,2927"
ADJ,simplest,1,2943
ADJ,simpy,1,1957
ADJ,single,3,"381,1359,2234"
ADJ,singular,1,1040
ADJ,sisal,1,2442
ADJ,sized,1,456
ADJ,ski,2,"404,2404"
ADJ,slatwall,1,645
ADJ,sleek,17,"329,645,870,899,1041,1245,1314,1524,1787,1844,1983,2049,2250,2264,2731,2909"
ADJ,sleeper,1,1986
ADJ,slight,2,"2651,2956"
ADJ,slim,1,2881
ADJ,slow,3,"1442,1606,1847"
ADJ,slubby,2,"704,1168"
ADJ,sluggish,1,1963
ADJ,small,158,"10,11,19,57,107,168,208,210,219,238,239,265,275,286,351,354,356,387,391,393,395,398,419,421,434,435,456,476,540,545,687,727,764,784,788,790,796,797,799,819,821,822,879,890,907,920,921,959,961,990,998,999,1002,1070,1086,1132,1173,1180,1246,1339,1374,1471,1473,1516,1518,1519,1531,1552,1556,1568,1609,1648,1653,1670,1682,1698,1701,1706,1721,1731,1734,1756,1760,1845,1896,1921,1924,1981,2029,2073,2077,2088,2110,2125,2139,2150,2166,2169,2170,2180,2181,2207,2208,2210,2212,2214,2243,2252,2262,2274,2302,2309,2337,2338,2361,2372,2478,2490,2492,2539,2584,2585,2587,2708,2738,2759,2808,2842,2857,2863,2888,2890,2891,2893,2894,2935,2936,2937,2939,2940,2943,2954,2980,2981"
ADJ,smart,15,"66,385,685,702,1075,1429,1430,1431,1432,1555,1949,2092,2106,2658,2890"
ADJ,smelly,1,2473
ADJ,smoky,2,"1856,2781"
ADJ,smooth,5,"83,158,1252,1993,2527"
ADJ,snug,12,"657,724,764,868,875,880,883,891,954,1632,2405,2656"
ADJ,snuggly,8,"71,657,706,1153,1363,2857,2923,2930"
ADJ,snugness,1,2421
ADJ,sociable,4,"258,792,829,2952"
ADJ,social,10,"1501,1737,1771,1798,1899,1906,2553,2768,2797,2872"
ADJ,socialise,1,302
ADJ,soft,202,"7,8,14,23,39,55,79,82,85,88,90,92,93,95,96,97,99,109,114,134,135,137,153,158,161,169,195,206,207,208,209,210,225,284,311,376,385,413,417,448,471,476,543,546,589,604,641,647,651,680,684,691,692,708,716,718,806,808,838,860,862,865,884,910,929,939,952,973,1005,1012,1023,1030,1034,1040,1054,1079,1115,1136,1158,1159,1166,1172,1191,1228,1251,1253,1282,1292,1299,1310,1358,1366,1386,1395,1396,1400,1412,1447,1452,1459,1475,1477,1494,1514,1521,1548,1590,1610,1614,1629,1630,1633,1638,1686,1717,1743,1796,1810,1822,1850,1854,1865,1869,1881,1895,1908,1916,1917,1958,1974,1988,1991,2019,2046,2084,2100,2108,2122,2189,2212,2213,2240,2250,2293,2305,2306,2312,2319,2327,2370,2372,2374,2393,2394,2416,2422,2426,2428,2441,2474,2479,2542,2544,2551,2552,2554,2556,2573,2597,2609,2633,2660,2669,2683,2690,2704,2732,2807,2831,2840,2846,2855,2858,2881,2885,2899,2914,2926,2929,2930,2977"
ADJ,solar,7,"33,249,1455,2355,2408,2924"
ADJ,solid,6,"441,1840,2294,2489,2598"
ADJ,soothing,3,"722,1115,1722"
ADJ,sophisticated,17,"117,484,486,557,898,968,969,1024,1082,1506,1522,1746,1907,1980,2049,2585,2743"
ADJ,soulful,1,1690
ADJ,south,1,968
ADJ,spacious,6,"8,304,819,1092,1557,1672"
ADJ,spare,4,"1190,2205,2853,2895"
ADJ,sparse,2,"2190,2278"
ADJ,special,7,"427,1099,1270,1405,1674,2821,2853"
ADJ,specific,3,"86,1653,2349"
ADJ,spicy,4,"965,2450,2727,2783"
ADJ,splendid,1,1969
ADJ,spooky,2,"2590,2731"
ADJ,springy,2,"2709,2743"
ADJ,squashed,1,1283
ADJ,squashy,2,"711,1136"
ADJ,standard,5,"446,814,905,1025,1178"
ADJ,staple,3,"2227,2343,2398"
ADJ,stark,6,"135,195,497,586,630,2621"
ADJ,steadfast,1,1465
ADJ,steely,1,1309
ADJ,sterile,3,"314,586,2173"
ADJ,stiff,1,50
ADJ,stimulating,3,"1515,2487,2536"
ADJ,straight,2,"2370,2528"
ADJ,straightforward,1,1101
ADJ,strange,1,1583
ADJ,striking,4,"1506,1660,2121,2518"
ADJ,striped,1,2297
ADJ,strong,11,"265,473,559,791,807,978,1073,1157,1667,1724,2643"
ADJ,structured,2,"1307,2275"
ADJ,stuck,1,24
ADJ,stuffy,1,1580
ADJ,stunning,7,"1219,1504,1600,1981,2166,2334,2338"
ADJ,sturdy,3,"1587,1766,1824"
ADJ,stylish,37,"62,405,478,520,527,551,629,643,683,702,711,922,1041,1114,1204,1309,1510,1562,1647,1698,1713,1742,1787,1824,1839,1946,1956,1964,2015,2045,2125,2547,2750,2820,2821,2854,2994"
ADJ,substantial,2,"467,2664"
ADJ,subtle,14,"41,107,794,998,1198,1362,1428,1668,2004,2299,2583,2699,2873,2932"
ADJ,successful,1,2281
ADJ,sudden,1,2566
ADJ,sufficient,3,"961,2186,2187"
ADJ,sugary,1,2743
ADJ,suitable,6,"259,427,2440,2731,2737,2950"
ADJ,suited,3,"406,1671,2130"
ADJ,sumptuous,16,"154,421,601,685,696,911,922,1056,1084,1217,1255,1482,1538,1566,1648,2897"
ADJ,sunken,3,"255,256,257"
ADJ,sunny,8,"253,283,316,361,1346,1903,2543,2986"
ADJ,super,43,"56,59,84,97,156,161,164,357,446,549,806,834,939,1004,1040,1135,1214,1220,1224,1230,1302,1461,1462,1478,1588,1600,1637,1875,1908,1920,2176,2216,2293,2362,2556,2589,2614,2674,2676,2766,2858,2897,2947"
ADJ,superb,1,49
ADJ,supportive,2,"1641,2332"
ADJ,sure,37,"81,109,138,255,408,548,561,806,819,826,834,853,926,1030,1260,1327,1785,1952,2118,2250,2329,2391,2406,2430,2442,2537,2567,2676,2712,2717,2722,2725,2729,2865,2896"
ADJ,surefire,2,"1505,1860"
ADJ,surprised,2,"1601,2214"
ADJ,surprising,2,"2397,2954"
ADJ,sustainable,1,2104
ADJ,swanky,1,2006
ADJ,swedish,1,1097
ADJ,sweeping,1,223
ADJ,sweet,3,"168,1606,2906"
ADJ,sweeter,1,2487
ADJ,symmetrical,1,1307
ADJ,synonymous,6,"713,775,1613,2056,2474,2780"
ADJ,synthetic,1,1986
ADJ,table,1,896
ADJ,tabletop,2,"705,1446"
ADJ,tactile,18,"41,48,702,714,842,853,970,1191,1346,1358,1482,1487,2114,2342,2426,2529,2630,2723"
ADJ,tall,3,"1537,1557,2882"
ADJ,tartan,1,2961
ADJ,tasselled,1,2013
ADJ,teal,2,"2280,2325"
ADJ,teenage,3,"2547,2549,2576"
ADJ,tell,1,2428
ADJ,temporary,1,2083
ADJ,tempting,4,"132,346,1421,2759"
ADJ,terri,2,1122
ADJ,textural,2,"2161,2951"
ADJ,textured,9,"41,651,836,1313,1366,1634,1824,2607,2629"
ADJ,thatched,1,1058
ADJ,thermal,11,"143,446,845,995,1233,1392,1769,1987,2789,2840"
ADJ,thick,13,"4,103,155,857,1033,1487,1962,2114,2141,2502,2849,2877,2930"
ADJ,thin,3,"103,2598,2857"
ADJ,thoughtful,1,2900
ADJ,thrifted,1,1501
ADJ,tidy,2,"1338,2388"
ADJ,tight,2,"2875,2963"
ADJ,tiktok,1,2311
ADJ,timeless,29,"213,262,265,296,656,865,899,913,1228,1242,1243,1247,1288,1309,1366,1465,1544,1597,1679,1681,1846,1878,1950,2222,2626,2630,2747,2764,2911"
ADJ,tinsel,1,2013
ADJ,tiny,7,"97,216,223,238,1454,1676,2208"
ADJ,tired,1,1115
ADJ,tiring,1,1784
ADJ,toasty,2,"182,2117"
ADJ,tonal,2,"634,1038"
ADJ,toned,25,"521,523,623,689,834,974,975,980,1017,1413,1529,1585,1808,1809,1810,1814,2029,2065,2093,2791,2866,2958"
ADJ,total,1,1365
ADJ,touchable,1,1136
ADJ,traditional,43,"20,27,272,392,406,449,714,875,896,899,1087,1203,1285,1332,1350,1370,1373,1405,1443,1495,1524,1596,1740,1744,1931,2084,2234,2325,2375,2559,2585,2602,2722,2747,2756,2763,2792,2808,2931,2961,2971"
ADJ,tranquil,6,"284,489,1929,2583,2618,2743"
ADJ,translucent,1,1292
ADJ,trendy,9,"933,934,1015,1241,2012,2329,2619,2731,2747"
ADJ,triple,1,1287
ADJ,trodden,1,1719
ADJ,tropical,1,2744
ADJ,true,9,"931,1243,1796,1888,2069,2431,2601,2928,2933"
ADJ,twinkly,1,1040
ADJ,typical,3,"1429,2590,2621"
ADJ,ultimate,25,"3,99,571,822,872,910,943,986,1074,1268,1318,1406,1496,1512,1644,1727,1810,1975,2114,2631,2632,2693,2740,2805,2876"
ADJ,ultra,2,"697,1981"
ADJ,umpteenth,1,861
ADJ,unable,1,1694
ADJ,unadorned,1,2375
ADJ,uncertain,1,1244
ADJ,uncomfortable,2,"762,2393"
ADJ,underfloor,4,"334,336,1134,1864"
ADJ,undisputed,1,1052
ADJ,undone,1,2775
ADJ,unexpected,6,"45,453,1314,2094,2188,2736"
ADJ,unheated,1,2818
ADJ,uni,5,"2368,2391,2393,2526"
ADJ,uninviting,5,"195,625,668,725,970"
ADJ,unique,8,"511,1179,1334,1375,2127,2196,2291,2924"
ADJ,unlikely,1,1581
ADJ,unlimited,1,1844
ADJ,unlit,1,502
ADJ,unmatched,1,952
ADJ,unmistakably,1,2942
ADJ,unpainted,1,706
ADJ,unpredictable,1,251
ADJ,unscented,1,2099
ADJ,unused,2,"821,1643"
ADJ,unutilised,1,800
ADJ,unwind,5,"399,883,1040,1471,1819"
ADJ,upcoming,2,"2356,2530"
ADJ,upcycled,2,"1101,2033"
ADJ,upholstered,3,"1062,2471,2644"
ADJ,upholstery,1,922
ADJ,uplifting,2,"2647,2970"
ADJ,urban,1,2041
ADJ,usable,1,2147
ADJ,useful,6,"18,42,1467,1690,2473,2660"
ADJ,usual,3,"868,1596,1992"
ADJ,valuable,1,2630
ADJ,varied,1,2534
ADJ,vast,2,"1146,2064"
ADJ,venetian,1,2733
ADJ,versatile,14,"438,503,510,898,899,1093,1271,1294,1627,1727,1891,2246,2265,2585"
ADJ,vertical,3,"230,1342,2991"
ADJ,vibrant,14,"27,492,1142,1203,1239,1325,1478,1684,1741,1782,2469,2705,2772,2845"
ADJ,victorian,1,1163
ADJ,vintage,11,"367,1112,1202,1574,1610,1740,1906,2317,2772,2957,2958"
ADJ,viral,1,2797
ADJ,viscoelastic,1,1467
ADJ,visual,9,"42,95,858,1428,1494,2275,2302,2648,2991"
ADJ,vital,3,"1065,1253,1930"
ADJ,vivid,1,2180
ADJ,voile,1,1252
ADJ,walled,2,"1045,1934"
ADJ,walnut,1,2345
ADJ,warm,439,"8,14,20,38,46,49,51,56,74,80,83,84,85,101,111,114,117,118,131,160,166,179,181,184,189,193,194,195,196,197,198,200,201,203,205,221,235,267,277,279,287,288,291,295,296,297,309,314,325,332,341,363,368,374,376,377,378,383,392,409,410,456,463,475,481,493,507,521,523,534,537,541,587,612,619,623,625,640,641,650,663,672,679,680,689,692,695,698,704,705,708,712,720,721,726,728,733,776,786,802,803,832,838,839,840,842,843,847,848,851,852,854,857,869,890,895,899,902,904,908,917,918,919,950,951,964,966,968,971,972,975,976,979,980,992,1017,1021,1023,1027,1031,1034,1038,1046,1047,1053,1054,1057,1081,1082,1135,1157,1181,1189,1212,1219,1221,1225,1227,1228,1236,1239,1242,1243,1251,1254,1256,1266,1273,1281,1282,1284,1286,1297,1307,1308,1310,1314,1315,1318,1346,1347,1349,1350,1352,1353,1379,1380,1381,1385,1388,1390,1398,1399,1400,1409,1410,1411,1413,1414,1416,1417,1419,1427,1436,1439,1449,1475,1478,1479,1482,1485,1486,1491,1514,1515,1521,1527,1529,1536,1547,1562,1568,1580,1582,1602,1623,1627,1637,1638,1639,1641,1649,1665,1671,1681,1694,1712,1717,1725,1736,1739,1746,1753,1758,1763,1764,1781,1784,1785,1791,1798,1810,1811,1814,1834,1835,1849,1850,1859,1862,1874,1876,1891,1894,1899,1900,1901,1906,1912,1933,1935,1955,1958,1968,1973,1982,1988,1993,2005,2010,2020,2022,2025,2026,2038,2048,2051,2057,2061,2063,2065,2070,2073,2077,2084,2092,2093,2100,2121,2124,2167,2192,2194,2197,2203,2205,2213,2221,2230,2232,2239,2247,2256,2262,2266,2268,2271,2272,2279,2288,2316,2319,2327,2332,2333,2347,2358,2361,2381,2405,2411,2435,2436,2440,2441,2446,2448,2463,2469,2470,2474,2478,2524,2536,2557,2558,2572,2588,2605,2620,2621,2642,2645,2648,2650,2655,2661,2668,2670,2674,2675,2682,2710,2719,2720,2724,2727,2733,2737,2748,2752,2755,2777,2783,2786,2788,2791,2792,2793,2796,2811,2812,2819,2824,2829,2831,2832,2834,2837,2840,2844,2858,2866,2885,2893,2900,2903,2904,2910,2911,2912,2913,2923,2930,2931,2936,2942,2944,2950,2958,2959,2965,2975,2985,2986"
ADJ,warmer,3,"1723,1814,2646"
ADJ,washable,3,"78,1302,1498"
ADJ,waterproof,1,1445
ADJ,weary,1,2970
ADJ,weighted,5,"77,78,1270,1722,2151"
ADJ,welcome,6,"50,164,1096,1755,2004,2943"
ADJ,welcoming,23,"7,274,354,606,663,792,883,1170,1479,1503,1689,1776,1899,2000,2063,2066,2131,2205,2277,2436,2469,2836,2894"
ADJ,wet,2,"1498,2804"
ADJ,whimsical,7,"1029,1030,1325,1858,2017,2746,2756"
ADJ,whimsy,1,1504
ADJ,white,71,"152,197,266,332,630,691,703,704,707,833,895,982,1027,1034,1047,1080,1088,1114,1186,1292,1350,1400,1413,1428,1451,1455,1568,1585,1629,1691,1711,1736,1738,1808,1907,2023,2065,2066,2070,2104,2200,2274,2276,2316,2411,2438,2441,2491,2508,2557,2605,2621,2716,2737,2745,2747,2759,2811,2832,2949,2950,2981"
ADJ,whitewashed,1,1128
ADJ,wholesome,3,"656,1807,2852"
ADJ,wholesomeness,1,1760
ADJ,whopping,1,1455
ADJ,wide,8,"51,546,587,954,991,1258,1594,1890"
ADJ,wild,1,1449
ADJ,willing,1,1589
ADJ,wireless,6,"1012,1373,1508,1979,2445"
ADJ,wise,1,1700
ADJ,wonderful,7,"1016,1089,1708,1722,1758,2194,2789"
ADJ,wooden,30,"3,244,307,407,433,441,706,899,970,1058,1252,1259,1275,1368,1484,1723,1729,1792,1824,1993,2070,2105,2193,2240,2413,2491,2598,2722,2786,2913"
ADJ,woollen,4,"982,1451,2857,2947"
ADJ,woolly,1,2502
ADJ,worried,2,"126,2214"
ADJ,worth,11,"76,144,1224,1313,1318,1919,2083,2344,2598,2676,2751"
ADJ,worthwhile,1,2541
ADJ,worthy,1,2767
ADJ,woven,1,983
ADJ,wow,1,45
ADJ,wraparound,1,328
ADJ,wrong,6,"143,1789,1927,2007,2371"
ADJ,xylo,1,2329
ADJ,yeat,1,1662
ADJ,yellow,15,"968,976,1046,1350,1388,1400,1479,1516,1536,1736,1763,2084,2256,2361,2380"
ADJ,young,4,"589,2080,2145,2962"
ADJ,zesty,1,1045
ADJ,zingy,1,1393
