VERB,Word,Count,IDs
VERB,abate,1,2608
VERB,absorb,5,"101,949,955,1467,2438"
VERB,accentuate,3,"284,2643,2884"
VERB,accept,1,2684
VERB,accompany,2,"2799,2927"
VERB,accord,3,"1459,1617,2498"
VERB,achieve,34,"1,278,301,376,442,471,494,538,666,677,716,812,1069,1152,1251,1506,1543,1597,1616,1624,1672,1757,1863,1932,2092,2161,2232,2285,2426,2559,2655,2666,2672,2722"
VERB,act,5,"42,342,826,975,1435"
VERB,adapt,4,"185,227,1405,1524"
VERB,add,355,"3,6,25,30,32,40,42,47,54,67,68,71,92,95,102,107,108,109,110,114,117,133,134,149,157,164,169,170,194,230,236,243,275,282,287,295,297,311,316,317,329,349,358,359,367,371,376,381,384,386,399,412,427,431,466,477,479,484,487,499,500,511,519,526,537,550,551,560,590,597,605,606,608,625,632,633,634,641,647,661,664,667,670,674,676,678,685,691,692,697,702,713,721,730,768,774,793,803,825,826,834,836,838,841,842,845,858,863,865,879,892,910,930,937,956,969,971,980,986,1003,1012,1013,1036,1042,1046,1051,1054,1059,1081,1083,1084,1085,1101,1112,1123,1125,1129,1142,1154,1169,1217,1219,1269,1279,1282,1291,1293,1301,1302,1307,1329,1335,1337,1341,1344,1357,1366,1377,1384,1387,1403,1407,1410,1412,1415,1425,1428,1455,1469,1470,1477,1479,1493,1494,1501,1505,1526,1536,1544,1551,1561,1568,1578,1581,1583,1593,1599,1604,1606,1611,1627,1634,1644,1649,1653,1657,1660,1661,1668,1681,1684,1685,1690,1694,1697,1708,1713,1717,1733,1742,1748,1751,1760,1772,1781,1785,1787,1790,1805,1836,1837,1845,1860,1863,1891,1927,1930,1957,1958,1964,1970,1973,1979,1982,1983,1995,2008,2013,2018,2025,2041,2044,2071,2072,2073,2087,2102,2104,2108,2112,2120,2132,2146,2159,2163,2169,2171,2192,2216,2240,2244,2259,2271,2276,2295,2302,2329,2342,2367,2372,2392,2393,2394,2395,2396,2400,2422,2478,2480,2491,2517,2528,2537,2550,2562,2568,2576,2582,2583,2609,2611,2613,2620,2623,2624,2629,2630,2639,2660,2664,2665,2667,2669,2677,2713,2721,2723,2727,2729,2737,2738,2751,2754,2792,2794,2804,2808,2825,2831,2832,2833,2877,2894,2906,2919,2941,2950,2957,2966"
VERB,address,1,145
VERB,adjust,4,"729,757,856,906"
VERB,admire,2,"2428,2561"
VERB,adopt,2,"701,2116"
VERB,adore,2,"911,2216"
VERB,adorn,1,1614
VERB,advise,2,"848,1722"
VERB,advocate,1,2473
VERB,affirm,1,1636
VERB,afford,2,"2527,2729"
VERB,agree,3,"1239,1941,2515"
VERB,aid,1,1251
VERB,aim,9,"329,406,1253,1397,1529,1616,1926,2074,2389"
VERB,airy,2,"2048,2507"
VERB,alcove,1,811
VERB,align,2,"587,1366"
VERB,allergen,1,1960
VERB,allocate,1,241
VERB,allow,46,"98,124,149,177,186,187,189,247,385,418,503,717,776,828,988,1044,1171,1383,1467,1472,1555,1600,1641,1760,1780,1949,1980,1990,2031,2139,2236,2272,2294,2297,2402,2553,2555,2587,2630,2685,2796,2871,2877,2884,2935"
VERB,alter,3,"1494,1537,2652"
VERB,amp,5,"915,1523,1628,2121,2391"
VERB,ampe,1,1592
VERB,anchor,4,"684,763,1249,1366"
VERB,angle,2,"1552,2953"
VERB,anticipate,1,2651
VERB,appeal,3,"390,704,2089"
VERB,appear,11,"48,580,1002,1076,1310,1414,1518,1978,2181,2208,2608"
VERB,apply,3,"522,1527,1562"
VERB,appoint,2,"1709,2379"
VERB,appreciate,3,"364,952,2428"
VERB,approach,1,1799
VERB,approve,2,"591,1357"
VERB,arm,3,"259,1379,2417"
VERB,arrange,8,"617,693,1219,1702,1994,2325,2678,2763"
VERB,arrive,2,"2802,2933"
VERB,artwork,1,708
VERB,ask,2,"1941,1995"
VERB,assert,1,2630
VERB,associate,7,"951,1243,1833,2308,2361,2452,2702"
VERB,assume,2,"1648,2713"
VERB,assure,2,"1386,2932"
VERB,attract,1,1671
VERB,attribute,2,"1465,2379"
VERB,avoid,21,"21,524,668,731,1617,1622,1645,1736,1803,1809,1815,1816,1821,1849,1876,2441,2776,2808,2935,2943,2949"
VERB,backlit,1,2256
VERB,baffle,1,1783
VERB,bake,2,"1393,2488"
VERB,balance,9,"286,614,680,835,922,1075,1780,2547,2673"
VERB,banish,1,19
VERB,bark,1,1274
VERB,base,4,"439,451,1324,1805"
VERB,bask,1,1589
VERB,bathe,1,1328
VERB,bear,6,"666,962,1121,1331,2258,2771"
VERB,beat,8,"992,2001,2340,2622,2633,2766,2870,2897"
VERB,beautify,1,2302
VERB,bed,30,"48,58,81,84,86,109,149,225,1006,1010,1159,1375,1451,1554,1734,2022,2391,2527,2610,2612,2705,2717,2797,2799,2806,2847,2854,2930,2931"
VERB,bedroom,9,"1,999,1000,1366,1812,2121,2266,2576,2706"
VERB,begin,5,"658,694,1218,2579,2769"
VERB,believe,8,"946,1569,1841,1993,2300,2759,2780,2797"
VERB,benefit,9,"265,381,698,1236,1516,1582,1721,1971,2888"
VERB,bind,1,724
VERB,blame,4,"773,2211,2756,2768"
VERB,blanket,1,1897
VERB,blend,7,"453,635,1399,1495,1681,1966,2105"
VERB,bless,1,2522
VERB,block,6,"961,1768,1895,1983,2400,2993"
VERB,blur,1,1756
VERB,blush,1,2745
VERB,boast,5,"309,1219,1245,1872,2705"
VERB,boil,2,"203,682"
VERB,bolder,1,453
VERB,bond,1,1991
VERB,boost,9,"282,411,1479,1709,2115,2322,2420,2647,2783"
VERB,bore,1,2046
VERB,borrow,1,2250
VERB,bother,1,949
VERB,boucle,1,1441
VERB,bounce,1,2274
VERB,braid,1,1742
VERB,break,10,"128,338,812,1051,1530,1531,1625,1849,1898,2890"
VERB,breathe,1,2919
VERB,brew,1,1408
VERB,brighten,6,"177,492,773,1341,2262,2819"
VERB,brim,2,"1940,2821"
VERB,bring,111,"28,35,106,107,109,135,307,345,419,452,464,517,647,678,680,692,722,780,802,817,862,891,930,944,945,957,973,974,975,1007,1051,1054,1120,1156,1171,1177,1261,1276,1285,1330,1339,1346,1371,1374,1398,1479,1485,1493,1500,1539,1540,1560,1575,1593,1597,1622,1667,1690,1694,1725,1729,1749,1755,1758,1762,1787,1838,1852,1871,1879,1887,1962,2036,2085,2097,2104,2105,2121,2142,2143,2163,2196,2213,2280,2284,2306,2318,2333,2383,2533,2623,2654,2678,2683,2687,2690,2716,2736,2743,2769,2840,2903,2911,2912,2926,2939,2944,2990,2992"
VERB,brood,1,684
VERB,brush,15,"82,83,84,318,1006,1198,1223,1224,1972,2445,2635,2674,2675,2858"
VERB,build,14,"227,810,1125,1144,1430,1455,1463,1748,1940,2286,2296,2400,2414,2419"
VERB,bundle,1,1587
VERB,bunker,1,2465
VERB,burn,18,"294,540,634,685,699,886,1044,1081,1090,1142,1380,1791,1833,1907,2186,2525,2669,2781"
VERB,bury,1,2378
VERB,buy,17,"60,80,225,351,1010,1312,1356,1849,2003,2027,2038,2325,2371,2376,2559,2610,2949"
VERB,calm,21,"375,927,978,1088,1532,1560,1628,1640,1669,1722,2319,2322,2347,2367,2369,2437,2457,2560,2743,2851,2906"
VERB,capitalise,2,"787,877"
VERB,captivate,2,"558,1524"
VERB,capture,7,"1544,1762,1778,1785,1941,2468,2708"
VERB,care,2,"2060,2826"
VERB,carry,2,"1905,2465"
VERB,carve,3,"1531,2150,2722"
VERB,cast,8,"22,268,386,1353,1585,2244,2796,2949"
VERB,catch,5,"691,1045,2042,2196,2741"
VERB,caterpillar,1,1990
VERB,cause,4,"49,111,2168,2176"
VERB,celebrate,6,"2021,2103,2383,2503,2643,2792"
VERB,center,1,727
VERB,centre,2,"313,603"
VERB,champion,2,"947,2928"
VERB,change,14,"6,44,187,565,695,902,998,1207,1694,1949,1972,2467,2717"
VERB,channel,2,"811,2239"
VERB,characterise,1,1679
VERB,charge,1,1271
VERB,charm,1,1896
VERB,chat,3,"445,948,2186"
VERB,cheap,1,690
VERB,check,2,"714,2674"
VERB,childlike,1,1985
VERB,chill,3,"999,2554,2828"
VERB,choose,93,"4,35,45,72,86,107,118,153,168,176,332,385,401,424,488,679,689,706,714,779,800,833,844,847,848,852,950,955,965,968,980,984,998,1055,1057,1070,1130,1168,1198,1254,1263,1298,1302,1303,1348,1376,1392,1449,1475,1482,1485,1496,1537,1582,1628,1681,1688,1691,1732,1736,1769,1790,1806,1819,1901,1943,2033,2114,2182,2224,2247,2297,2323,2409,2434,2442,2524,2527,2592,2665,2668,2707,2725,2745,2763,2823,2825,2827,2881,2904,2944,2976"
VERB,circulate,1,149
VERB,clad,3,"359,404,1237"
VERB,claim,1,2124
VERB,clash,1,998
VERB,clean,4,"64,1497,2349,2373"
VERB,clear,1,1424
VERB,climb,3,"1301,2797,2962"
VERB,close,11,"415,890,903,1137,1180,1232,1250,1421,1557,2162,2877"
VERB,clothe,1,1128
VERB,clove,2,"1847,1888"
VERB,clue,3,"147,214,1510"
VERB,coat,2,"666,669"
VERB,cocoon,60,"10,15,47,53,98,119,127,216,217,394,404,415,426,435,448,454,462,481,485,501,510,577,621,627,628,669,671,720,797,828,916,1033,1069,1095,1138,1227,1265,1278,1368,1475,1496,1532,1566,1570,1574,1669,1706,1716,2014,2224,2244,2335,2339,2423,2694,2727,2875,2881,2882,2953"
VERB,coexist,1,2861
VERB,collapse,1,861
VERB,collate,1,2194
VERB,collect,2,"1990,2833"
VERB,colour,18,"484,558,806,869,957,1440,1536,1545,1657,1660,1757,1773,1862,1879,1882,2166,2180,2913"
VERB,combat,1,2133
VERB,combine,31,"93,168,199,288,294,357,362,403,489,714,765,807,1082,1233,1480,1532,1613,1708,1747,1984,2022,2066,2193,2248,2305,2469,2691,2704,2743,2836,2971"
VERB,come,98,"34,64,66,79,81,89,112,166,167,175,225,290,314,364,365,451,505,511,524,567,580,583,618,636,668,672,674,724,772,797,805,830,889,931,1022,1121,1352,1367,1416,1498,1499,1527,1600,1607,1621,1650,1687,1763,1775,1793,1796,1806,1818,1826,1832,1864,1890,1892,1937,1989,1995,2008,2033,2039,2059,2135,2151,2163,2201,2227,2235,2266,2343,2372,2375,2431,2459,2502,2536,2538,2543,2615,2633,2664,2690,2707,2710,2716,2745,2858,2883,2907,2913,2940,2954,2992,2993"
VERB,comfort,29,"1,240,274,291,375,378,516,626,712,721,726,759,797,879,1219,1222,1255,1366,1515,1669,1689,1800,1828,2041,2333,2471,2533,2691"
VERB,comfy,5,"165,958,1463,1923,2846"
VERB,command,1,455
VERB,commit,2,"933,988"
VERB,compare,3,"572,1798,2094"
VERB,compensate,1,343
VERB,compile,1,659
VERB,complement,14,"620,1028,1247,1348,1368,1457,1725,1754,1843,2104,2356,2630,2740,2781"
VERB,complete,6,"108,429,717,1976,2165,2345"
VERB,compliment,1,1310
VERB,compromise,2,"2139,2532"
VERB,conceal,2,"543,1460"
VERB,concentrate,1,2277
VERB,concern,1,2805
VERB,concur,1,1635
VERB,confess,1,2376
VERB,configure,2,"1287,2227"
VERB,congregate,1,1436
VERB,conjure,3,"678,1629,1638"
VERB,connect,4,"328,1137,1287,2089"
VERB,connote,1,1760
VERB,consider,44,"53,92,103,107,177,257,277,368,531,685,695,723,928,991,1003,1006,1219,1387,1403,1425,1500,1571,1628,1665,1819,1977,2075,2197,2251,2263,2339,2411,2442,2443,2471,2486,2490,2609,2672,2698,2851,2869,2909"
VERB,consist,3,"1432,1877,2050"
VERB,constrain,1,1373
VERB,construct,2,"441,2598"
VERB,contain,4,"968,1041,2412"
VERB,continue,6,"378,495,706,1197,2601,2830"
VERB,contrast,10,"403,1203,1494,1629,1725,2342,2565,2888,2913,2972"
VERB,contribute,5,"134,145,1616,2375,2489"
VERB,control,5,"163,186,1555,2872,2889"
VERB,converse,1,1551
VERB,convert,3,"1060,1260,1709"
VERB,convey,1,1263
VERB,cook,10,"6,288,291,302,1050,1605,1760,1930,2281,2796"
VERB,cool,6,"111,112,971,2031,2801,2811"
VERB,coordinate,2,"1769,2387"
VERB,cork,1,2480
VERB,cosie,3,"638,1598,2656"
VERB,cosier,1,644
VERB,cosiness,30,"68,148,487,500,516,727,915,1172,1220,1329,1501,1540,1581,1661,1789,1922,2100,2219,2278,2296,2342,2383,2387,2484,2543,2624,2628,2736,2750,2944"
VERB,cosset,3,"546,2724,2913"
VERB,cost,2,"1429,2598"
VERB,cosy,36,"25,31,260,288,623,636,655,814,818,861,882,948,971,1121,1211,1271,1275,1419,1421,1444,1522,1726,1739,1975,2090,2182,2234,2283,2306,2346,2429,2509,2571,2767,2843,2856"
VERB,cosye,15,"87,473,700,962,1156,1173,1261,1420,1652,1934,2202,2352,2567,2620,2932"
VERB,count,1,2687
VERB,counteract,1,836
VERB,cover,17,"504,505,728,1030,1326,1331,1622,1625,2168,2218,2426,2544,2717,2857,2887,2983,2989"
VERB,crack,1,723
VERB,cradle,1,1675
VERB,craft,6,"1391,1562,1869,2394,2836,2931"
VERB,cramp,3,"434,1711,2532"
VERB,crank,4,"922,1257,1848,2315"
VERB,crave,7,"361,451,1265,1395,1503,2042,2086"
VERB,crawl,1,2117
VERB,cream,1,1299
VERB,creamy,1,2851
VERB,create,742,"3,4,5,10,11,14,16,17,18,20,21,30,39,41,47,53,54,55,60,61,63,65,74,86,93,98,99,115,121,122,124,127,142,153,154,167,168,170,178,179,187,188,189,190,194,195,197,198,199,200,201,206,207,208,210,218,220,224,226,227,228,229,230,234,236,237,238,239,242,244,245,247,248,256,258,264,266,267,269,270,271,273,274,276,279,282,284,292,294,296,299,313,315,320,323,327,328,330,331,336,339,340,348,349,355,370,373,374,383,387,388,391,394,397,398,399,403,404,411,414,416,417,418,426,427,430,431,434,443,444,447,459,462,464,465,481,482,483,485,488,489,492,493,499,500,507,508,510,512,514,519,523,524,525,526,527,532,533,535,539,550,551,555,559,571,581,587,589,598,600,606,607,609,612,619,628,630,631,637,639,641,650,659,665,670,687,688,689,690,692,693,702,704,705,706,708,710,712,716,718,720,721,724,727,734,761,764,769,774,784,790,791,792,798,802,805,817,821,825,826,827,828,829,832,834,840,846,849,852,853,854,856,857,865,867,872,873,874,877,878,880,892,893,894,901,902,903,907,908,914,916,917,918,923,932,937,953,959,964,968,975,978,980,983,988,991,993,998,999,1014,1019,1020,1024,1025,1026,1028,1031,1032,1034,1037,1039,1051,1054,1056,1059,1065,1071,1073,1074,1082,1097,1107,1108,1111,1116,1126,1132,1135,1136,1139,1142,1152,1156,1163,1167,1168,1180,1187,1190,1193,1195,1200,1201,1231,1232,1236,1237,1239,1241,1242,1244,1246,1249,1250,1256,1259,1267,1268,1282,1289,1290,1292,1296,1305,1306,1307,1308,1314,1316,1317,1319,1321,1328,1333,1337,1342,1344,1349,1351,1352,1356,1358,1366,1367,1368,1371,1372,1373,1374,1380,1388,1399,1404,1405,1406,1414,1415,1416,1423,1428,1434,1435,1445,1446,1447,1451,1452,1454,1459,1460,1469,1473,1483,1496,1498,1506,1507,1508,1515,1521,1522,1523,1525,1532,1534,1536,1538,1542,1543,1550,1555,1556,1563,1566,1570,1573,1575,1586,1587,1594,1600,1606,1608,1611,1612,1614,1616,1627,1629,1636,1638,1639,1646,1648,1649,1650,1654,1655,1657,1660,1661,1662,1663,1664,1665,1669,1670,1681,1684,1685,1687,1690,1691,1696,1699,1704,1707,1708,1710,1711,1712,1717,1720,1737,1745,1756,1760,1765,1772,1776,1781,1792,1799,1802,1809,1810,1811,1812,1813,1814,1816,1819,1820,1834,1835,1836,1846,1847,1854,1857,1861,1870,1879,1888,1892,1899,1900,1909,1912,1913,1916,1929,1930,1931,1932,1933,1937,1942,1945,1961,1983,1987,1988,1990,1992,1998,2000,2001,2004,2006,2011,2018,2036,2037,2039,2043,2044,2062,2063,2064,2070,2075,2083,2084,2086,2089,2091,2099,2101,2102,2116,2125,2126,2127,2132,2134,2136,2149,2155,2166,2175,2189,2194,2197,2198,2201,2205,2212,2214,2219,2221,2234,2235,2238,2244,2247,2261,2265,2270,2271,2279,2280,2281,2282,2286,2289,2295,2303,2304,2305,2306,2307,2308,2309,2311,2313,2318,2319,2324,2327,2335,2338,2339,2343,2347,2350,2353,2361,2363,2376,2381,2387,2406,2412,2416,2419,2421,2436,2444,2447,2454,2460,2471,2473,2475,2478,2482,2491,2492,2494,2499,2509,2510,2519,2525,2546,2549,2553,2554,2555,2556,2563,2576,2580,2585,2586,2598,2618,2621,2622,2630,2642,2646,2647,2648,2656,2658,2659,2663,2665,2672,2678,2686,2689,2699,2704,2710,2724,2741,2745,2746,2748,2749,2750,2755,2758,2763,2767,2770,2772,2776,2779,2783,2791,2796,2802,2810,2820,2832,2834,2837,2841,2845,2854,2855,2857,2872,2875,2876,2877,2878,2879,2881,2883,2886,2892,2893,2899,2900,2921,2942,2951,2953,2955,2956,2961,2968,2980,2986,2988,2991"
VERB,crochet,1,1548
VERB,cross,1,2848
VERB,crowd,1,2268
VERB,cuddle,5,"971,2360,2364,2612,2766"
VERB,curate,9,"272,497,690,729,1569,1618,1681,1911,1984"
VERB,curb,1,25
VERB,curl,15,"445,642,697,958,959,1148,1304,1405,1714,1857,2268,2365,2614,2633,2766"
VERB,curtain,1,2827
VERB,curve,2,"2658,2881"
VERB,customise,2,"249,1472"
VERB,cut,3,"369,811,1856"
VERB,dapple,1,251
VERB,dare,2,"2339,2799"
VERB,darken,1,2048
VERB,date,5,"586,1072,1591,1833,2296"
VERB,daunt,1,264
VERB,daybe,1,1287
VERB,dazzle,1,1942
VERB,deal,2,"390,2805"
VERB,debut,1,931
VERB,decide,8,"315,1216,1263,1918,2256,2325,2527,2593"
VERB,deck,2,"353,2300"
VERB,decorate,40,"264,290,498,505,518,602,654,833,932,943,1173,1191,1277,1370,1509,1510,1571,1591,1600,1764,1801,1846,1859,1860,2200,2277,2282,2368,2380,2599,2759,2792,2794,2807,2820,2884,2895,2933,2935,2937"
VERB,dedicate,5,"850,1437,1656,2231,2261"
VERB,define,10,"784,826,1237,1256,1551,1607,1678,2438,2453,2618"
VERB,deliver,7,"1089,1260,1538,1592,1637,1740,2248"
VERB,demand,1,450
VERB,demonstrerate,1,2324
VERB,den,2,"967,1704"
VERB,deny,2,"1947,2225"
VERB,depend,13,"120,122,308,958,984,1518,1537,1670,1694,2246,2337,2647,2806"
VERB,describe,2,"1256,2542"
VERB,deserve,2,"58,1274"
VERB,design,35,"59,160,165,208,226,368,449,585,820,890,958,997,1108,1117,1258,1406,1453,1572,1645,1666,1688,1695,1704,2197,2247,2333,2372,2538,2547,2667,2863,2884,2901,2929,2963"
VERB,designate,1,1704
VERB,desire,3,"666,1616,2663"
VERB,detail,2,"865,2394"
VERB,deter,1,1190
VERB,determine,2,"958,2264"
VERB,detract,1,859
VERB,develop,1,1820
VERB,dial,3,"811,986,2087"
VERB,diffuse,3,"191,595,1914"
VERB,dig,1,2413
VERB,dim,2,"277,1507"
VERB,dip,2,"1771,2824"
VERB,discount,1,2374
VERB,discover,1,2844
VERB,discuss,1,1817
VERB,dismiss,1,469
VERB,display,6,"810,1044,1263,1755,2776,2877"
VERB,disrupt,1,2579
VERB,dissipate,1,1780
VERB,distract,1,1375
VERB,disuse,1,1105
VERB,ditch,3,"2165,2478,2922"
VERB,dive,1,2581
VERB,divide,3,"826,1187,1328"
VERB,document,1,2439
VERB,dog,1,58
VERB,dominate,5,"107,293,351,2619,2637"
VERB,door,1,2509
VERB,dot,2,"1855,2164"
VERB,double,6,"342,439,456,1798,2127,2147"
VERB,downplay,1,2932
VERB,downsize,1,304
VERB,drain,2,"1310,1903"
VERB,drape,9,"50,156,642,654,944,1487,1494,1785,2058"
VERB,draw,23,"387,489,698,872,1008,1081,1182,1565,1663,1762,1796,1818,1874,2057,2373,2379,2446,2507,2513,2581,2625,2772,2892"
VERB,dream,3,"150,601,2798"
VERB,drench,14,"98,398,414,760,1083,1240,1246,1255,1626,1640,1982,2097,2210,2787"
VERB,dress,22,"124,155,188,350,696,701,744,1188,1206,1250,1478,1572,1709,1850,1852,1857,1958,1963,2285,2440,2770,2845"
VERB,drift,3,"1566,2421,2610"
VERB,drink,1,1283
VERB,drive,4,"1520,1683,1801,2090"
VERB,drop,9,"193,337,346,640,1033,1902,2381,2570,2604"
VERB,dry,7,"149,1023,1302,1587,1969,2499,2843"
VERB,dub,1,1436
VERB,dull,1,1310
VERB,ease,1,2568
VERB,eat,3,"1948,2380,2796"
VERB,echo,1,2913
VERB,effortless,1,2605
VERB,elevate,13,"35,171,796,1810,1819,1829,1857,1861,1969,2082,2088,2425,2835"
VERB,eliminate,2,"334,1488"
VERB,embody,5,"585,1776,1800,2012,2910"
VERB,embrace,43,"46,74,218,279,310,315,447,496,501,510,615,619,677,712,986,992,1214,1226,1256,1568,1795,1832,1895,1980,1983,2041,2054,2100,2206,2325,2383,2422,2423,2456,2467,2485,2589,2632,2710,2775,2834,2875,2933"
VERB,emerge,1,1366
VERB,emit,7,"383,705,1027,1030,1350,2499,2796"
VERB,emphasise,2,"1186,1743"
VERB,employ,1,672
VERB,emulate,3,"1339,1936,2700"
VERB,enclose,5,"230,359,694,995,1067"
VERB,encompass,3,"498,1670,2358"
VERB,encounter,2,"1776,2536"
VERB,encourage,11,"642,989,1008,1157,1436,1737,2140,2164,2387,2553,2967"
VERB,encroach,1,999
VERB,end,3,"762,1802,2102"
VERB,endure,2,"2033,2630"
VERB,energise,8,"383,426,773,974,1094,1095,1638,2246"
VERB,engineer,2,"31,1744"
VERB,enhance,46,"10,13,18,35,54,95,100,275,362,366,489,530,620,689,704,709,714,769,879,956,1130,1136,1268,1380,1483,1486,1529,1541,1613,1712,1792,1806,1899,2019,2070,2162,2166,2338,2449,2455,2609,2750,2759,2792,2794,2851"
VERB,enjoy,44,"116,189,245,252,313,344,352,933,988,1007,1008,1045,1158,1318,1330,1408,1456,1604,1692,1716,1760,1864,1876,1895,1900,1907,1947,1952,2045,2054,2072,2235,2245,2261,2313,2406,2417,2563,2634,2752,2871,2873,2877,2927"
VERB,enliven,2,"2487,2743"
VERB,enrich,2,"721,740"
VERB,ensure,43,"131,136,176,186,205,381,560,633,697,871,887,995,1062,1110,1159,1239,1273,1281,1319,1414,1485,1569,1617,1849,1930,1977,2008,2117,2167,2168,2222,2254,2361,2577,2610,2754,2850,2858,2866,2876,2939,2973"
VERB,enter,3,"726,1796,2381"
VERB,entertain,14,"442,773,1064,1213,1511,1584,1829,2029,2139,2184,2281,2509,2761,2830"
VERB,envelop,13,"393,624,670,975,1282,1487,1538,1636,1757,2586,2646,2875,2967"
VERB,envelope,1,2270
VERB,envisage,1,1294
VERB,equal,1,2425
VERB,escape,7,"873,996,1092,1383,2168,2512,2921"
VERB,establish,1,15
VERB,evoke,15,"407,444,698,1037,1229,1457,1630,1993,2000,2057,2221,2222,2331,2379,2486"
VERB,evolve,2,"566,1442"
VERB,execute,1,1548
VERB,exist,7,"22,322,870,1163,1193,2337,2755"
VERB,expect,8,"167,1327,1547,1762,1889,2357,2439,2608"
VERB,experience,4,"1395,1494,1887,2244"
VERB,experiment,1,2272
VERB,explain,1,2699
VERB,explode,1,2852
VERB,explore,2,"1466,2045"
VERB,expose,6,"711,1189,1247,1792,2813,2966"
VERB,express,5,"1,1546,1801,2152,2154"
VERB,extend,5,"249,349,793,1009,2777"
VERB,exude,11,"276,557,695,943,1089,1219,1685,2422,2602,2628,2884"
VERB,eye,1,1026
VERB,face,19,"343,776,819,968,1311,1320,1444,1483,1485,1582,1676,1743,2224,2235,2280,2327,2641,2646,2699"
VERB,fall,10,"37,377,1641,2085,2182,2226,2504,2735,2756,2809"
VERB,falter,1,2391
VERB,fare,1,1986
VERB,farmhouse,1,276
VERB,favour,10,"209,561,808,1499,1750,2221,2453,2804,2812,2817"
VERB,feature,13,"1163,1173,1203,1311,1322,1881,1906,2291,2358,2612,2640,2780,2948"
VERB,feed,2,"1501,2032"
VERB,feel,574,"1,2,6,7,8,9,13,15,19,28,29,38,40,46,50,52,57,59,60,73,81,83,91,116,117,118,131,135,136,137,138,140,143,144,153,154,157,170,174,186,187,195,219,221,234,236,240,263,264,269,276,277,279,290,293,295,296,302,304,308,314,315,317,323,326,334,340,341,345,346,354,357,365,366,367,371,374,375,379,382,390,391,393,395,396,398,400,403,405,406,409,412,415,425,426,432,434,440,448,452,456,463,470,475,478,479,486,492,498,510,515,557,560,587,589,597,605,610,624,627,630,641,645,647,653,655,660,661,672,678,679,683,686,695,696,699,702,703,708,713,720,725,726,728,729,763,764,776,777,785,792,794,795,796,799,800,816,819,823,836,839,840,845,847,851,858,862,864,892,897,901,904,906,918,919,922,927,939,948,949,956,957,966,970,976,979,980,982,991,992,994,998,1016,1019,1021,1034,1038,1039,1051,1055,1057,1064,1066,1068,1070,1074,1076,1081,1084,1093,1094,1101,1104,1109,1110,1119,1128,1130,1131,1136,1137,1151,1153,1161,1165,1179,1180,1182,1188,1189,1191,1194,1202,1209,1213,1214,1216,1227,1228,1230,1234,1237,1242,1243,1244,1251,1252,1262,1276,1289,1291,1301,1309,1310,1314,1320,1336,1353,1354,1368,1370,1385,1388,1390,1395,1396,1399,1403,1409,1410,1411,1412,1413,1416,1417,1427,1436,1439,1440,1458,1465,1476,1479,1480,1482,1485,1488,1489,1491,1493,1503,1505,1506,1508,1509,1510,1515,1518,1537,1539,1547,1557,1567,1568,1580,1582,1593,1599,1601,1602,1603,1604,1605,1610,1623,1624,1625,1639,1640,1641,1642,1645,1658,1665,1666,1672,1674,1675,1682,1687,1691,1694,1699,1701,1706,1708,1711,1721,1722,1729,1730,1731,1733,1739,1744,1756,1760,1761,1764,1768,1769,1792,1794,1802,1803,1820,1830,1832,1839,1846,1862,1866,1867,1868,1870,1877,1882,1885,1891,1894,1897,1920,1929,1935,1953,1956,1958,1963,1984,1985,1988,1997,2004,2010,2016,2027,2029,2034,2040,2057,2059,2070,2071,2073,2075,2077,2079,2082,2110,2112,2119,2126,2131,2146,2151,2161,2166,2173,2190,2191,2193,2196,2197,2207,2209,2214,2224,2228,2230,2240,2241,2242,2246,2257,2260,2262,2266,2267,2272,2277,2278,2280,2284,2288,2292,2294,2302,2303,2313,2316,2318,2320,2328,2330,2332,2336,2338,2341,2347,2366,2385,2386,2396,2400,2405,2422,2424,2426,2436,2437,2451,2470,2472,2473,2483,2490,2491,2508,2527,2528,2540,2549,2552,2561,2579,2589,2597,2621,2623,2629,2637,2646,2669,2690,2707,2715,2716,2720,2724,2725,2732,2742,2743,2747,2756,2766,2794,2806,2821,2827,2830,2838,2839,2853,2866,2875,2880,2884,2885,2889,2891,2893,2894,2899,2902,2903,2904,2906,2911,2913,2933,2935,2939,2957,2959,2964,2965,2966,2971,2975,2980,2986,2989"
VERB,fight,3,"346,562,2339"
VERB,fill,40,"21,27,70,337,397,525,544,548,684,706,754,798,821,879,900,1068,1089,1323,1356,1369,1411,1847,1917,2015,2053,2073,2119,2176,2241,2431,2453,2558,2572,2575,2596,2627,2704,2723,2762"
VERB,filter,3,"849,1880,2902"
VERB,find,43,"51,52,59,112,151,162,253,362,571,574,632,722,747,1033,1073,1112,1443,1501,1601,1767,1819,1826,1840,1928,1986,2027,2033,2124,2186,2192,2260,2280,2369,2434,2452,2610,2625,2701,2719,2779,2806"
VERB,finish,18,"3,155,240,248,417,598,605,670,863,1160,1168,1755,1815,2171,2240,2249,2254,2881"
VERB,fire,2,"1951,2833"
VERB,fit,21,"187,324,369,371,814,1066,1125,1163,1202,1287,1353,1429,1673,1730,1748,1979,2291,2329,2375,2789,2805"
VERB,fix,2,"1114,1694"
VERB,flank,1,399
VERB,flesh,1,249
VERB,flick,1,820
VERB,flicker,5,"1854,2019,2020,2378,2754"
VERB,float,3,"2017,2020,2290"
VERB,flood,1,2317
VERB,floor,14,"31,96,412,695,728,1135,1188,1724,1989,2112,2264,2265,2324,2425"
VERB,flow,3,"340,1391,1918"
VERB,fluff,1,149
VERB,focus,19,"225,226,510,518,932,1448,1702,1835,1863,1933,2097,2359,2451,2468,2477,2632,2663,2750,2890"
VERB,focusse,2,"1926,2796"
VERB,fold,5,"350,1511,2388,2857"
VERB,follow,6,"1281,1595,1957,2566,2601,2748"
VERB,force,1,219
VERB,forecast,1,1345
VERB,forge,1,2822
VERB,forget,15,"33,187,361,534,594,689,891,986,1497,1630,2182,2428,2762,2840,2925"
VERB,fork,1,2433
VERB,form,5,"460,996,1515,1563,2610"
VERB,foster,2,"1754,2812"
VERB,fragrance,2,"1355,1688"
VERB,frame,4,"646,896,2236,2758"
VERB,frazzle,2,"2773,2776"
VERB,free,1,1007
VERB,freestande,2,"1163,2384"
VERB,freeze,2,"81,2031"
VERB,fringe,1,2544
VERB,function,4,"1146,1653,2236,2580"
VERB,furnish,2,"1101,2284"
VERB,gain,2,"243,1906"
VERB,garden,1,2431
VERB,gather,8,"299,302,751,773,1127,1140,1278,1832"
VERB,generate,2,"529,2664"
VERB,gift,2,"2591,2593"
VERB,glass,1,31
VERB,glaze,3,"289,338,1234"
VERB,glimpse,1,801
VERB,glow,9,"1227,1547,2046,2142,2256,2782,2912,2926,2942"
VERB,got,1,2533
VERB,grab,1,1408
VERB,gravitate,2,"587,1376"
VERB,greet,3,"726,1874,2753"
VERB,grey,1,2573
VERB,ground,14,"514,518,555,587,752,763,1267,1762,2288,2332,2335,2831,2904,2978"
VERB,group,2,"331,792"
VERB,grow,17,"316,326,658,1019,1284,1309,1334,1366,1388,1441,1528,1800,2166,2268,2695,2822,2967"
VERB,guarantee,11,"172,897,1489,1591,2049,2125,2584,2694,2700,2762,2797"
VERB,guide,1,2134
VERB,hail,1,2419
VERB,hand,1,1101
VERB,handle,1,265
VERB,handpainte,1,1984
VERB,handpicke,1,1548
VERB,hang,24,"168,248,380,948,1050,1086,1098,1136,1387,1469,1470,1511,1512,1521,1523,1600,1602,1936,2145,2290,2411,2554,2740"
VERB,hanker,2,"2154,2335"
VERB,happen,5,"119,579,1060,1280,1656"
VERB,harbour,2,"1283,2080"
VERB,harmonise,1,1745
VERB,harvest,1,2873
VERB,hate,3,"1675,2785,2817"
VERB,head,3,"401,566,1856"
VERB,hear,1,1640
VERB,hearte,1,511
VERB,heat,10,"163,173,205,347,368,539,1077,2667,2869,2945"
VERB,heighten,2,"2773,2782"
VERB,help,160,"16,19,29,31,35,52,61,88,101,140,149,154,184,188,189,207,230,233,258,272,273,322,338,359,387,391,398,402,434,477,508,511,524,558,608,623,640,692,694,707,720,779,784,792,805,828,847,862,874,896,966,970,992,1031,1033,1067,1075,1076,1097,1130,1146,1217,1233,1234,1239,1272,1307,1308,1321,1328,1369,1380,1392,1413,1415,1425,1445,1467,1506,1543,1579,1593,1594,1614,1633,1634,1646,1649,1657,1662,1665,1667,1689,1717,1719,1722,1724,1730,1756,1760,1762,1768,1805,1856,1861,1877,1899,1933,1987,2006,2016,2018,2031,2068,2073,2089,2135,2208,2247,2257,2262,2274,2319,2331,2333,2338,2347,2381,2449,2485,2528,2546,2559,2595,2597,2621,2647,2649,2661,2664,2719,2735,2751,2761,2771,2777,2789,2801,2840,2880,2955,2961,2962,2993"
VERB,herald,1,1255
VERB,hibernate,1,1974
VERB,hide,3,"412,637,1990"
VERB,highlight,8,"5,646,896,1036,1306,1619,1657,2796"
VERB,hinder,1,900
VERB,hit,8,"1302,1398,1509,1821,1877,2357,2754,2870"
VERB,hold,6,"433,1084,2081,2252,2406,2777"
VERB,homeware,1,1877
VERB,hone,2,"1596,1784"
VERB,hook,2,"2511,2636"
VERB,hope,5,"797,805,1318,2648,2698"
VERB,host,11,"270,313,355,773,1050,1174,1405,1458,1703,1948,2685"
VERB,house,2,"1455,1643"
VERB,hover,1,1600
VERB,huddle,1,2187
VERB,hue,1,2172
VERB,hunker,3,"636,1951,2559"
VERB,hunt,1,350
VERB,hush,2,"2382,2383"
VERB,idea,3,"419,421,937"
VERB,ignore,1,1643
VERB,illuminate,15,"231,297,352,363,399,1373,1446,1599,1620,1694,2029,2047,2137,2244,2518"
VERB,imagine,7,"1494,1504,1656,2364,2601,2771,2772"
VERB,imbue,1,2542
VERB,immerse,1,2387
VERB,implement,1,928
VERB,impose,2,"2285,2892"
VERB,impress,1,1766
VERB,improve,1,148
VERB,include,34,"67,249,380,475,505,689,768,879,900,1122,1163,1240,1412,1429,1446,1465,1472,1640,1668,1799,1946,2050,2185,2221,2368,2387,2469,2577,2599,2610,2765,2787,2817,2879"
VERB,incorporate,37,"117,138,249,356,422,470,651,660,689,716,755,781,954,998,999,1259,1460,1479,1650,1684,1981,2061,2147,2173,2195,2302,2305,2372,2426,2515,2688,2706,2727,2755,2793,2818,2831"
VERB,increase,7,"355,472,582,1796,2323,2459,2498"
VERB,induce,3,"1999,2329,2448"
VERB,indulge,5,"640,874,1936,2131,2500"
VERB,influence,2,"513,1761"
VERB,inform,1,889
VERB,infuse,5,"549,929,956,1428,2628"
VERB,inherit,1,1101
VERB,initiate,1,1801
VERB,inject,8,"812,1144,1626,1817,1994,2016,2425,2773"
VERB,inspire,62,"64,119,275,301,358,362,370,597,673,676,834,947,969,1009,1029,1030,1055,1091,1094,1122,1157,1161,1178,1244,1285,1309,1322,1323,1448,1478,1532,1606,1610,1733,1847,1857,1888,1925,1927,1935,2049,2100,2110,2202,2404,2428,2429,2453,2601,2637,2691,2701,2746,2778,2831,2851,2868,2911,2921"
VERB,instal,5,"333,354,1090,2199,2666"
VERB,install,4,"333,1445,1864,2259"
VERB,instil,1,1451
VERB,insulate,8,"51,336,694,750,1033,1048,1768,1987"
VERB,integrate,2,"1432,1665"
VERB,intend,1,1436
VERB,interline,1,1056
VERB,interlock,1,1587
VERB,interpret,1,315
VERB,introduce,22,"133,405,623,742,794,838,865,998,1276,1368,1428,1543,1672,1758,1792,1892,2194,2232,2387,2642,2760,2831"
VERB,invest,22,"60,76,136,598,602,665,846,850,1235,1343,1778,1919,2034,2092,2297,2416,2570,2669,2729,2847,2850,2898"
VERB,invigorate,2,"401,2716"
VERB,invite,123,"57,74,89,114,129,135,150,197,198,274,279,292,294,330,376,396,398,420,445,447,448,460,464,479,493,500,508,537,549,576,586,603,697,701,707,774,790,792,824,825,838,857,893,895,908,921,968,970,990,1012,1020,1028,1029,1115,1153,1209,1239,1252,1305,1311,1337,1342,1351,1368,1411,1419,1428,1451,1479,1486,1500,1505,1521,1529,1532,1534,1568,1585,1610,1613,1617,1624,1639,1649,1681,1792,1811,1814,1816,1869,1954,2016,2018,2036,2075,2095,2133,2170,2194,2238,2285,2318,2340,2387,2389,2399,2441,2448,2455,2510,2581,2587,2610,2621,2629,2645,2650,2683,2724,2811,2834,2872,2970"
VERB,invoke,3,"990,1220,1516"
VERB,involve,3,"1374,2383,2822"
VERB,inward,1,1565
VERB,jazz,1,991
VERB,join,1,1327
VERB,judge,1,2638
VERB,jump,3,"414,946,2615"
VERB,justify,3,"2364,2376"
VERB,kick,9,"111,112,260,335,562,1845,1880,1883,2632"
VERB,kickstart,1,942
VERB,knit,15,"108,156,467,471,472,983,1494,1923,2058,2358,2692,2730,2788,2814,2977"
VERB,knock,1,1132
VERB,know,34,"67,152,518,652,729,781,903,948,1224,1352,1370,1479,1527,1664,1777,1794,1821,1871,2069,2214,2227,2279,2367,2371,2372,2487,2503,2567,2735,2795,2818,2920"
VERB,label,1,1041
VERB,lack,6,"628,771,824,1364,2662,2940"
VERB,laidback,1,2307
VERB,lamp,1,1029
VERB,launch,4,"1429,1878,1928,2357"
VERB,launder,1,489
VERB,lay,7,"97,1267,1964,2164,2194,2197,2808"
VERB,layer,53,"26,95,109,110,137,152,198,296,448,599,637,651,678,692,724,834,841,907,970,973,1032,1242,1306,1357,1374,1402,1418,1420,1451,1491,1494,1497,1521,1548,1630,1730,1777,1820,1855,1932,2087,2220,2238,2342,2389,2426,2470,2471,2580,2705,2724,2745,2763"
VERB,lead,12,"275,506,694,706,1133,1173,1331,1413,1573,2535,2737,2746"
VERB,lean,17,"13,216,217,320,448,582,610,613,773,910,1226,1405,2029,2101,2208,2445,2586"
VERB,learn,4,"501,1270,1825,2252"
VERB,leave,15,"289,502,792,809,813,882,1189,1383,1408,1455,1604,2036,2376,2651,2733"
VERB,lend,8,"256,281,447,864,1031,1090,1610,1859"
VERB,let,13,"342,729,1012,1601,1719,1726,1783,2035,2125,2245,2627,2733,2985"
VERB,lie,7,"73,97,1073,2165,2371,2378,2468"
VERB,lift,2,"700,726"
VERB,light,45,"13,37,386,429,519,700,798,830,867,1032,1049,1077,1182,1262,1348,1454,1507,1567,1588,1621,1622,1630,1647,1808,1811,1855,1993,2027,2047,2066,2091,2136,2186,2239,2268,2272,2445,2453,2495,2499,2546,2754,2828,2876,2883"
VERB,like,21,"72,83,202,787,1043,1064,1079,1178,1493,1675,1806,1820,1892,2141,2169,2527,2549,2577,2781"
VERB,line,7,"227,855,1056,1392,2135,2573,2790"
VERB,linger,1,1376
VERB,link,4,"119,1198,2070,2230"
VERB,live,65,"19,197,272,300,370,405,442,452,498,505,519,528,579,617,628,639,679,690,775,812,861,893,896,908,954,980,1023,1024,1080,1156,1174,1193,1237,1300,1331,1351,1356,1442,1524,1694,1737,1740,1819,1863,1994,2095,2136,2158,2213,2237,2258,2277,2282,2308,2317,2333,2348,2481,2510,2522,2738,2759,2862,2935,2972"
VERB,lo,1,2711
VERB,locate,1,2217
VERB,lock,1,59
VERB,log,1,2786
VERB,look,206,"15,16,18,44,53,56,70,71,102,139,145,150,154,161,174,204,213,216,233,238,243,245,253,271,308,314,320,324,338,353,370,372,420,509,524,534,541,571,576,617,625,640,669,680,691,695,715,724,775,781,788,800,801,803,821,830,845,852,900,920,921,928,971,987,1003,1010,1025,1049,1057,1058,1083,1094,1115,1203,1213,1254,1258,1303,1312,1325,1349,1400,1422,1449,1453,1457,1462,1463,1464,1473,1475,1487,1498,1499,1502,1505,1510,1514,1528,1531,1545,1549,1552,1554,1568,1572,1575,1579,1584,1631,1632,1637,1648,1686,1719,1750,1766,1799,1803,1823,1826,1845,1942,1945,1946,1950,1979,1981,1994,2010,2018,2027,2041,2049,2068,2097,2129,2151,2158,2162,2166,2200,2218,2233,2234,2295,2331,2337,2338,2346,2362,2368,2381,2388,2396,2424,2458,2470,2474,2479,2524,2552,2565,2574,2586,2588,2598,2626,2648,2652,2661,2680,2707,2722,2726,2727,2735,2747,2749,2755,2766,2795,2802,2821,2830,2862,2891,2893,2948,2952,2964,2989"
VERB,lose,7,"138,158,989,1466,1528,2516,2956"
VERB,lounge,7,"644,1060,1166,1512,1818,2129,2387"
VERB,love,110,"28,67,115,168,281,283,341,668,683,724,726,788,806,807,935,952,978,1002,1008,1010,1045,1047,1079,1094,1095,1122,1131,1135,1155,1181,1182,1194,1212,1262,1298,1300,1301,1310,1338,1346,1352,1356,1420,1466,1536,1561,1592,1635,1674,1694,1714,1766,1787,1822,1829,1869,1908,1915,1939,1953,2081,2101,2143,2157,2175,2189,2195,2234,2249,2278,2286,2293,2298,2302,2376,2420,2433,2440,2447,2489,2534,2557,2562,2564,2591,2596,2600,2606,2608,2633,2652,2675,2676,2736,2762,2784,2785,2808,2820,2829,2839,2883,2912,2924,2978,2988"
VERB,low,1,22
VERB,lower,1,2955
VERB,lure,1,642
VERB,maintain,11,"338,408,487,667,1037,1270,1619,2250,2296,2383,2399"
VERB,makeover,1,1677
VERB,manage,1,2395
VERB,manifest,1,2397
VERB,manipulate,1,1690
VERB,marry,1,770
VERB,match,12,"429,1189,1549,1665,1686,1835,1890,2122,2265,2651,2722,2725"
VERB,matter,1,1527
VERB,max,1,2714
VERB,maximise,8,"242,454,639,1421,1460,2149,2150,2562"
VERB,mean,52,"1,50,72,84,118,162,165,189,195,260,289,325,347,440,562,595,641,652,666,786,835,924,978,980,996,1048,1135,1154,1156,1261,1399,1444,1455,1572,1663,1784,1823,2107,2312,2432,2451,2583,2604,2663,2666,2685,2713,2822,2859,2878,2922"
VERB,measure,4,"113,1427,1736,2789"
VERB,medium,1,2945
VERB,meet,3,"1121,1829,2881"
VERB,mention,8,"1505,1680,1812,2329,2425,2529,2790,2921"
VERB,merge,1,2104
VERB,mimic,2,"2668,2752"
VERB,mind,1,762
VERB,mirror,2,"1782,2395"
VERB,mismatch,1,863
VERB,miss,7,"135,1059,1577,1801,1863,2565,2943"
VERB,mistake,1,1844
VERB,mix,16,"1209,1252,1334,1423,1450,1549,1668,1866,1892,2169,2251,2454,2714,2722,2725,2771"
VERB,modernise,1,2105
VERB,modify,1,2982
VERB,moisture,2,"1297,2167"
VERB,motive,1,1334
VERB,mount,3,"369,859,2121"
VERB,mull,1,1888
VERB,mute,15,"262,295,476,647,833,1310,1524,1737,2023,2212,2213,2312,2421,2486,2647"
VERB,nail,11,"225,511,648,932,1751,1943,1956,2093,2467,2485,2861"
VERB,need,75,"67,80,133,172,187,205,264,286,289,293,333,349,368,435,665,776,879,897,898,902,942,960,1007,1032,1144,1349,1403,1482,1504,1554,1555,1584,1694,1722,1729,1804,1848,1864,1897,1929,1937,1952,2004,2039,2040,2050,2055,2062,2075,2081,2107,2141,2160,2168,2184,2202,2204,2270,2272,2346,2372,2419,2442,2541,2576,2612,2646,2661,2677,2763,2791,2889,2921,2932,2948"
VERB,neglect,1,2815
VERB,nestle,1,593
VERB,nip,1,2948
VERB,nod,1,2773
VERB,nook,1,1406
VERB,note,2,"1372,1476"
VERB,notice,3,"1315,1456,2946"
VERB,nurture,7,"114,1018,1459,2094,2229,2230,2232"
VERB,obsess,6,"1478,2376,2569,2600,2768,2917"
VERB,obstruct,1,987
VERB,offer,48,"39,70,113,114,163,204,207,208,280,438,706,718,772,832,1048,1228,1232,1244,1275,1282,1305,1317,1330,1340,1357,1503,1512,1513,1699,1727,1747,1780,1980,1983,1986,2068,2144,2176,2177,2222,2271,2399,2425,2487,2525,2747,2872,2924"
VERB,offset,3,"684,803,1629"
VERB,ooze,5,"528,1665,2273,2274,2905"
VERB,open,4,"18,1103,2274,2299"
VERB,operate,2,"163,418"
VERB,opt,70,"22,143,264,268,297,299,314,315,332,417,455,515,521,523,541,630,733,832,857,884,895,918,956,958,961,976,1019,1056,1071,1087,1094,1135,1266,1303,1373,1399,1446,1505,1550,1558,1599,1619,1701,1853,1945,1972,1989,2063,2146,2222,2244,2245,2294,2336,2341,2411,2474,2478,2491,2540,2542,2635,2642,2727,2811,2827,2886,2906,2967,2979"
VERB,orchestrate,1,797
VERB,order,1,2529
VERB,organise,1,1322
VERB,overarch,1,506
VERB,overcrowd,1,777
VERB,overhaul,1,688
VERB,overheat,5,"50,111,151,202,2176"
VERB,overlap,1,1892
VERB,overlook,9,"330,348,421,438,688,1472,1569,1674,2218"
VERB,overpower,7,"86,408,452,1290,1336,1815,1992"
VERB,overspend,1,150
VERB,overstimulate,1,1
VERB,overwhelm,4,"969,1239,1492,2935"
VERB,pack,6,"1299,1926,2377,2601,2782,2955"
VERB,pad,1,2443
VERB,paint,50,"16,56,323,431,788,802,835,929,1038,1039,1046,1069,1076,1107,1125,1141,1142,1160,1176,1189,1191,1202,1211,1221,1246,1321,1380,1444,1445,1485,1611,1636,1640,1660,1662,1663,1664,2076,2189,2244,2284,2331,2438,2509,2643,2670,2888,2965,2986"
VERB,pair,46,"38,148,262,285,441,446,482,555,563,643,722,877,929,980,1037,1294,1299,1314,1355,1367,1371,1426,1506,1572,1672,1678,1720,1743,1760,1763,1862,1879,1905,2013,2065,2076,2225,2362,2499,2525,2605,2618,2648,2755,2798,2881"
VERB,panel,1,2172
VERB,paper,1,1858
VERB,pare,6,"1,19,969,971,1332,2633"
VERB,participate,1,2756
VERB,pass,1,2035
VERB,patio,1,2987
VERB,pattern,5,"273,484,799,1158,2165"
VERB,pave,1,2165
VERB,pay,2,"1156,1370"
VERB,peel,2,"1519,2700"
VERB,peg,1,2413
VERB,penetrate,1,162
VERB,perfect,9,"944,1262,1979,2244,2605,2640,2673,2764,2776"
VERB,pergola,2,"1643,2413"
VERB,perk,1,1770
VERB,petite,1,24
VERB,pick,24,"115,116,314,929,969,1172,1203,1454,1583,1624,1883,1963,2042,2062,2127,2162,2183,2206,2293,2335,2422,2751,2790,2837"
VERB,picture,2,"658,2529"
VERB,piece,1,1815
VERB,pile,8,"1394,1464,1770,1839,2633,2723,2849,2864"
VERB,pillow,1,2713
VERB,pin,1,2413
VERB,pipe,1,1426
VERB,pitch,1,339
VERB,place,35,"65,140,182,273,322,380,631,693,822,824,826,896,915,988,1505,1508,1521,1522,1562,1565,1594,1645,1657,1696,1708,1717,2389,2581,2666,2758,2819,2878,2886,2926"
VERB,plan,12,"122,182,322,571,946,1414,2026,2281,2409,2430,2869,2883"
VERB,plant,1,2967
VERB,play,17,"93,97,501,1012,1028,1065,1280,1662,1704,2195,2239,2339,2567,2803,2907,2951"
VERB,plug,2,"346,525"
VERB,plummet,1,160
VERB,plump,1,1227
VERB,plush,2,"88,2772"
VERB,point,2,"291,474"
VERB,polish,1,157
VERB,pop,11,"244,369,380,685,1726,2610,2677,2768,2783,2848,2869"
VERB,pose,1,1645
VERB,position,15,"179,181,234,595,828,836,1164,1311,1480,1523,1550,2029,2163,2454,2886"
VERB,post,1,289
VERB,pot,1,1726
VERB,pour,1,1674
VERB,power,1,1688
VERB,praise,1,2905
VERB,prase,1,166
VERB,predict,2,"81,1607"
VERB,prefer,16,"270,361,965,1276,1490,1686,1896,1948,1972,2003,2234,2272,2279,2597,2704,2798"
VERB,prep,1,1930
VERB,prepare,3,"1640,1948,1960"
VERB,preppe,1,926
VERB,prevent,6,"189,970,987,1467,1594,1971"
VERB,prime,1,2118
VERB,print,2,"2669,2705"
VERB,prioritise,3,"569,989,1816"
VERB,produce,4,"45,1290,2186,2877"
VERB,promise,3,"181,1618,2650"
VERB,promote,12,"185,444,530,1475,1513,1699,1912,2258,2329,2461,2618,2668"
VERB,pronounce,1,2301
VERB,prop,1,1976
VERB,protect,4,"244,1667,1717,2183"
VERB,prove,4,"370,1294,1787,2501"
VERB,provide,60,"61,201,244,251,295,343,349,383,441,590,603,685,694,696,712,835,848,849,896,961,969,1043,1092,1366,1405,1467,1492,1551,1641,1651,1670,1716,1731,1757,1764,1894,1988,2019,2073,2080,2091,2190,2219,2220,2275,2290,2332,2351,2393,2508,2518,2558,2644,2755,2855,2914,2957,2972"
VERB,publish,1,1395
VERB,pull,8,"686,1455,1562,1609,2058,2682,2877,2902"
VERB,pump,2,"1433,2380"
VERB,purchase,2,"1571,2957"
VERB,push,2,"174,984"
VERB,question,1,814
VERB,quilt,3,"1807,2440,2717"
VERB,rack,2,"2612,2918"
VERB,radiate,4,"1108,1227,1427,1751"
VERB,ramp,7,"839,2408,2670,2706,2719,2729,2869"
VERB,range,4,"27,113,1736"
VERB,rank,1,2103
VERB,rate,1,2805
VERB,rave,1,2124
VERB,reach,3,"1963,2791,2946"
VERB,react,1,2801
VERB,read,33,"188,200,596,810,999,1000,1118,1148,1210,1330,1512,1525,1659,1662,1722,1799,1869,1979,2062,2186,2255,2256,2261,2279,2351,2511,2516,2545,2553,2554,2577,2962,2982"
VERB,realise,3,"80,1546,1797"
VERB,reap,1,2973
VERB,rear,1,1925
VERB,receive,5,"1582,2257,2927,2944,2976"
VERB,recess,1,199
VERB,recharge,3,"1447,1476,1869"
VERB,reckon,2,"2130,2430"
VERB,reclaim,4,"307,645,1101,1128"
VERB,recommend,28,"312,332,523,687,852,955,963,1006,1014,1263,1390,1411,1550,1655,1662,1688,1898,2265,2274,2436,2566,2641,2669,2770,2789,2808,2886,2959"
VERB,reconnect,1,2520
VERB,recreate,10,"618,936,1493,1678,1995,2621,2782,2850,2916,2940"
VERB,recycle,2,"132,2573"
VERB,redecorate,4,"664,674,2264,2974"
VERB,redesign,2,"664,2265"
VERB,reduce,8,"58,149,336,682,717,918,1033,1234"
VERB,refer,5,"383,650,1769,2420,2615"
VERB,reference,1,1323
VERB,refine,2,"1028,2831"
VERB,reflect,14,"100,360,434,505,516,705,707,902,1309,1446,1907,1954,2094,2761"
VERB,reframe,1,1226
VERB,refresh,3,"1890,1961,2072"
VERB,refurbish,1,2969
VERB,regulate,4,"382,1392,2801,2859"
VERB,reinstate,1,2520
VERB,reject,1,377
VERB,relate,1,1000
VERB,relaunche,1,1842
VERB,relax,87,"53,61,65,115,123,129,191,200,207,229,252,326,363,384,385,394,399,413,432,502,528,603,631,642,704,721,820,850,873,880,883,891,898,906,908,919,962,1092,1108,1133,1140,1149,1154,1160,1164,1182,1193,1248,1253,1276,1308,1351,1439,1445,1447,1451,1471,1476,1512,1646,1747,1757,1793,1818,1819,1912,1914,1927,1929,2023,2062,2231,2249,2256,2317,2367,2406,2426,2554,2563,2579,2586,2593,2763,2786,2831,2886"
VERB,release,3,"101,1928,2627"
VERB,relegate,1,132
VERB,relish,1,1562
VERB,rely,2,"2091,2844"
VERB,remain,5,"503,1074,1456,2608,2630"
VERB,remedy,2,"125,1797"
VERB,remember,9,"687,724,809,1255,2075,2083,2449,2710,2826"
VERB,remind,5,"1243,1396,1807,2109,2181"
VERB,remove,2,"786,1960"
VERB,renew,1,1261
VERB,renovate,1,300
VERB,rent,2,"675,1080"
VERB,replace,6,"339,545,869,1125,1405,1585"
VERB,replicate,1,2739
VERB,report,2,"1798,2459"
VERB,represent,4,"1641,2332,2446,2628"
VERB,repurpose,4,"58,1097,2302,2922"
VERB,require,6,"409,1445,1586,1926,2062,2811"
VERB,resemble,1,2812
VERB,reserve,4,"316,1041,1516,1704"
VERB,reset,1,1959
VERB,resonate,3,"1267,1428,1685"
VERB,respond,1,2339
VERB,rest,7,"198,1386,1476,1620,1755,2409,2932"
VERB,restrict,1,1648
VERB,restyle,1,2013
VERB,result,9,"146,286,310,577,977,1022,1621,2228,2893"
VERB,retain,3,"165,857,2840"
VERB,rethink,1,2039
VERB,retreat,8,"658,850,1002,1218,1397,1624,2516,2927"
VERB,return,3,"1208,2040,2789"
VERB,revamp,2,"1059,2627"
VERB,reveal,7,"179,181,1799,1873,2314,2624,2626"
VERB,revolve,1,2464
VERB,rewire,1,17
VERB,rework,1,1146
VERB,rib,3,"485,1358,1927"
VERB,rip,1,2032
VERB,rise,5,"101,804,1501,2783,2794"
VERB,risk,1,1414
VERB,roar,3,"593,729,2953"
VERB,roast,2,"2186,2780"
VERB,rock,4,"712,888,2823"
VERB,roll,3,"1433,1855,2833"
VERB,romanticise,1,1800
VERB,room,2,"340,1494"
VERB,root,3,"1878,2031,2483"
VERB,round,2,"1954,2370"
VERB,ruffle,1,2976
VERB,rug,5,"136,748,1415,1863,2424"
VERB,run,8,"1117,1456,1580,2154,2300,2613,2628,2848"
VERB,rush,1,2040
VERB,rustic,2,"406,1766"
VERB,salvage,2,"1142,1202"
VERB,saturate,6,"401,922,1020,1398,1399,2271"
VERB,save,8,"839,1261,1378,1952,2140,2248,2541,2788"
VERB,savour,1,1562
VERB,scallop,2,"1327,1539"
VERB,scape,1,2802
VERB,scatter,6,"615,1548,1839,1903,1964,2058"
VERB,scent,1,2753
VERB,scentscape,1,736
VERB,scour,1,2260
VERB,scream,2,"34,2740"
VERB,scroll,1,1975
VERB,scrunch,1,50
VERB,sculpt,1,546
VERB,seal,1,843
VERB,search,4,"1678,1798,2264,2322"
VERB,seat,12,"42,258,448,505,744,1521,1549,1615,1857,2147,2158,2384"
VERB,section,1,2517
VERB,secure,1,525
VERB,seek,9,"17,656,1465,1757,1869,2059,2238,2319,2759"
VERB,seep,1,1425
VERB,select,13,"176,198,413,442,708,998,1851,2270,2381,2484,2533,2800,2959"
VERB,sell,1,2676
VERB,separate,2,"1117,1195"
VERB,serve,10,"1060,1338,1391,1727,1802,2518,2531,2697,2750,2836"
VERB,set,66,"23,60,68,77,158,249,254,318,349,491,495,498,505,552,566,579,581,584,641,711,729,758,846,958,1061,1099,1110,1147,1257,1472,1477,1507,1561,1689,1707,1752,1774,1844,1856,1897,1900,1905,1924,1976,2015,2032,2035,2102,2234,2256,2300,2394,2445,2519,2538,2565,2579,2588,2640,2761,2793,2798,2817,2929,2931,2976"
VERB,settle,5,"960,994,1471,1848,1957"
VERB,sew,1,2840
VERB,shade,38,"122,245,411,416,505,561,578,670,704,708,739,764,907,951,990,1031,1255,1414,1434,1440,1543,1570,1623,1625,1643,1658,1724,1725,1771,1815,2046,2180,2221,2228,2271,2335,2525"
VERB,shadow,1,1690
VERB,shape,12,"18,223,313,450,945,958,1193,1561,2480,2591,2731,2848"
VERB,share,5,"1277,1504,1546,1997,2311"
VERB,sharpen,1,707
VERB,shelter,2,"227,2409"
VERB,shelve,1,1663
VERB,shift,3,"723,2050,2403"
VERB,shine,4,"556,1247,1278,1279"
VERB,shop,4,"926,1880,2300,2700"
VERB,showcase,4,"497,943,1782,2882"
VERB,shower,2,"356,1328"
VERB,shun,1,1352
VERB,shut,6,"205,694,1391,1897,2828,2903"
VERB,sign,1,2797
VERB,sing,1,2940
VERB,sink,6,"73,952,1127,1675,2881,2897"
VERB,sit,37,"130,311,576,596,642,745,770,830,1040,1205,1234,1285,1427,1647,1651,1652,1674,1688,1716,1760,1781,1818,1820,1871,2253,2293,2321,2351,2414,2440,2561,2658,2842,2920,2982"
VERB,size,4,"369,1505,1607,2980"
VERB,skip,1,2430
VERB,skirt,3,"542,543,1265"
VERB,slap,1,361
VERB,slash,1,1840
VERB,slat,1,2104
VERB,sleep,20,"58,60,112,152,202,1005,1033,1124,1302,1378,1382,1471,1498,1604,1722,2425,2463,2466,2863"
VERB,sleepover,1,1887
VERB,sling,1,2443
VERB,slip,1,2730
VERB,slot,2,"870,2842"
VERB,slow,4,"1264,1800,2343,2494"
VERB,smash,1,1698
VERB,smell,4,"381,1396,2003,2487"
VERB,snap,1,2344
VERB,snooze,1,1498
VERB,snug,5,"305,889,1078,1577,1799"
VERB,snuggle,31,"33,51,103,130,161,445,640,658,723,790,877,1172,1379,1439,1722,1735,1796,1822,1920,2024,2056,2138,2216,2256,2297,2455,2514,2545,2592,2606,2849"
VERB,soak,6,"4,349,419,1455,2040,2172"
VERB,soar,1,2762
VERB,socialise,5,"252,717,1351,1513,1970"
VERB,sock,1,2815
VERB,soften,18,"29,299,431,766,785,1023,1123,1130,1170,1217,1298,1604,1724,1921,1978,2193,2250,2366"
VERB,solidify,1,1181
VERB,solve,1,2805
VERB,soothe,12,"1,60,421,444,559,1507,1532,1629,1751,1773,2743,2823"
VERB,sophisticate,1,120
VERB,sort,1,144
VERB,sound,2,"1784,2364"
VERB,soundproof,1,402
VERB,source,4,"772,1049,1066,2483"
VERB,sow,1,1284
VERB,space,1,2234
VERB,span,2,"1326,2746"
VERB,spark,1,512
VERB,sparkle,2,"1088,1096"
VERB,spend,38,"168,172,181,182,229,270,297,302,384,638,850,898,1051,1054,1106,1382,1419,1458,1625,1647,1669,1802,1900,1911,1927,2129,2163,2204,2237,2330,2365,2417,2549,2563,2807,2849,2872"
VERB,spice,4,"104,1786,2081,2592"
VERB,spooky,1,2483
VERB,sport,2,"2439,2602"
VERB,spot,1,1504
VERB,spread,1,1523
VERB,spruce,5,"238,371,941,1591,2368"
VERB,squeeze,2,"1001,2154"
VERB,stack,2,"811,1656"
VERB,stain,1,645
VERB,stand,12,"412,905,998,1271,1321,1574,1772,2181,2260,2381,2554,2908"
VERB,star,1,1280
VERB,start,31,"153,417,420,601,993,1226,1424,1536,1776,1802,1858,1880,2031,2102,2118,2173,2240,2292,2322,2446,2465,2471,2513,2559,2570,2599,2774,2846,2933,2935"
VERB,stave,1,148
VERB,stay,40,"115,161,165,173,179,180,181,184,185,192,205,291,337,450,762,1181,1192,1233,1260,1276,1281,1401,1589,1827,1849,1887,1898,1919,2052,2098,2167,2168,2273,2321,2447,2674,2801,2844,2896"
VERB,steal,1,1132
VERB,steer,2,"195,400"
VERB,stem,1,370
VERB,step,2,"94,1410"
VERB,stick,9,"112,833,980,1545,1682,1806,2709,2759,2837"
VERB,stimulate,1,1479
VERB,stir,1,1252
VERB,stitch,1,1893
VERB,stock,2,"2740,2885"
VERB,stop,10,"433,1207,1402,1425,1795,2125,2190,2245,2658,2784"
VERB,store,11,"25,144,637,842,986,1041,1271,1511,1676,1713,2833"
VERB,straighten,1,2388
VERB,stre,1,2739
VERB,stream,2,"2633,2878"
VERB,stress,1,2386
VERB,strike,10,"777,835,894,1039,1073,1157,1503,1773,2795,2810"
VERB,strip,1,2383
VERB,stripe,2,"1045,2994"
VERB,strive,1,481
VERB,struggle,6,"290,437,1031,1263,1840,2027"
VERB,stud,1,2276
VERB,study,1,124
VERB,stuff,2,"1587,2008"
VERB,style,15,"156,467,534,826,897,1014,1045,1294,1461,1663,1746,1758,2078,2225,2989"
VERB,stylish,4,"617,1994,2184,2208"
VERB,subdue,1,977
VERB,suffer,2,"43,1331"
VERB,suffice,1,960
VERB,suggest,11,"787,814,961,1395,1572,1619,1753,1978,2472,2485,2796"
VERB,suit,15,"215,227,292,419,806,1041,1114,1179,1245,1405,1442,1912,2507,2811,2982"
VERB,sum,2,"1356,2403"
VERB,sundown,1,1735
VERB,sundrenche,1,1719
VERB,superkeep,1,159
VERB,supply,2,"259,2572"
VERB,support,2,"1932,2283"
VERB,suppose,1,1580
VERB,surprise,1,1545
VERB,surround,11,"184,419,1662,1663,1796,2014,2465,2504,2913,2919,2943"
VERB,suspend,1,2937
VERB,swap,7,"437,905,1419,1854,2013,2275,2472"
VERB,swear,1,1515
VERB,swerve,2,"893,1411"
VERB,switch,13,"687,818,868,1413,1638,1751,1752,1810,1936,1949,2279,2478"
VERB,swoon,1,1938
VERB,symbolise,1,1459
VERB,tackle,1,843
VERB,tactile,5,"1878,2201,2275,2471,2625"
VERB,tailor,1,1247
VERB,talk,5,"195,1370,1627,1817,2713"
VERB,tap,3,"651,2612,2932"
VERB,taper,1,1452
VERB,tassle,1,1785
VERB,team,8,"990,1153,1247,1482,1611,1658,2033,2189"
VERB,tear,1,1022
VERB,tell,5,"1106,1338,1545,1983,2230"
VERB,tempt,1,1288
VERB,tend,11,"84,208,221,706,1481,2380,2453,2647,2824,2842,2843"
VERB,test,5,"49,51,1456,2297"
VERB,textile,1,649
VERB,texture,13,"30,548,563,774,939,961,1136,1365,1448,1670,1877,2108,2342"
VERB,thank,1,2834
VERB,theme,1,2590
VERB,thermoregulate,1,2801
VERB,think,76,"36,49,76,99,182,285,289,370,433,442,473,586,704,722,890,913,934,951,997,1040,1143,1235,1264,1271,1285,1296,1357,1368,1393,1416,1451,1452,1536,1583,1588,1636,1638,1885,1901,1919,1941,1957,2015,2040,2058,2070,2078,2131,2160,2161,2230,2261,2343,2356,2362,2375,2389,2399,2411,2436,2488,2513,2590,2592,2614,2652,2654,2678,2706,2786,2825,2866,2920"
VERB,thrive,3,"609,1520,1990"
VERB,throw,9,"560,869,1343,1403,1633,1920,2096,2692,2705"
VERB,tick,1,1872
VERB,tie,8,"913,1287,1480,2011,2079,2697,2718,2966"
VERB,tilt,2,"2384,2733"
VERB,time,1,2460
VERB,tint,1,1018
VERB,tiptoe,1,1509
VERB,tone,7,"311,485,908,1830,1907,2361,2374"
VERB,toss,1,2806
VERB,touch,3,"109,1253,1363"
VERB,track,1,2408
VERB,trail,2,"1532,2791"
VERB,transform,47,"68,391,443,669,673,967,1039,1104,1115,1145,1184,1215,1358,1443,1475,1486,1581,1588,1626,1643,1698,1756,1851,1969,1970,1973,2026,2066,2147,2160,2170,2276,2354,2401,2408,2421,2631,2632,2694,2744,2747,2836,2842,2853,2890,2891,2936"
VERB,transition,6,"842,1689,1728,2606,2629,2649"
VERB,translate,6,"579,1669,1783,2056,2420,2771"
VERB,transport,2,"1515,1889"
VERB,trap,1,2168
VERB,tray,1,433
VERB,treasure,1,319
VERB,treat,3,"888,1274,2406"
VERB,trend,5,"374,989,1798,2055,2213"
VERB,trickle,2,"1750,2395"
VERB,trim,1,2948
VERB,trust,2,"66,2003"
VERB,try,40,"20,104,158,456,630,673,687,710,736,777,829,834,856,971,1296,1320,1543,1552,1558,1650,1672,1809,1926,2055,2076,2106,2154,2290,2475,2507,2541,2647,2704,2708,2714,2729,2788,2857,2885,2921"
VERB,tuck,5,"183,1064,2058,2291,2721"
VERB,tufte,3,"2108,2544,2929"
VERB,turn,61,"22,223,233,303,315,316,339,346,422,427,591,595,657,663,665,716,773,783,793,938,1030,1035,1054,1072,1077,1095,1106,1244,1311,1332,1443,1461,1462,1480,1549,1555,1769,1858,2038,2039,2062,2145,2173,2208,2252,2340,2428,2463,2466,2479,2514,2541,2632,2661,2788,2791,2806,2895,2899,2995"
VERB,twinkle,2,"1099,2940"
VERB,twirl,1,2924
VERB,twist,1,2197
VERB,type,1,2813
VERB,underlie,1,1320
VERB,understand,3,"346,1826,2026"
VERB,understate,1,2013
VERB,undertone,1,1241
VERB,underutilise,1,21
VERB,uninspire,1,1390
VERB,uninvite,1,390
VERB,unite,1,982
VERB,unleash,1,1455
VERB,unsurprise,1,2103
VERB,unveil,1,2755
VERB,unwind,12,"206,357,528,650,1158,1451,1640,1699,1869,2406,2876,2921"
VERB,upcycle,1,2419
VERB,update,11,"6,303,467,934,1048,1101,1163,1381,1823,2435,2680"
VERB,upgrade,2,"60,1274"
VERB,uphold,1,2133
VERB,upholster,2,"712,1033"
VERB,uplift,3,"121,2004,2769"
VERB,use,170,"5,38,48,188,211,257,267,286,312,313,353,360,369,392,393,456,519,525,552,553,589,644,720,721,784,785,798,802,827,849,894,904,916,917,921,977,978,988,994,1034,1041,1061,1079,1109,1188,1207,1214,1233,1239,1252,1260,1268,1270,1272,1277,1289,1291,1296,1312,1345,1352,1375,1379,1380,1397,1412,1414,1423,1425,1436,1443,1445,1456,1477,1480,1483,1511,1514,1521,1542,1561,1563,1566,1572,1574,1641,1648,1649,1664,1666,1681,1684,1713,1729,1734,1771,1772,1826,1833,1834,1847,1879,1982,2023,2072,2088,2116,2123,2151,2169,2181,2214,2229,2231,2235,2260,2282,2303,2309,2318,2327,2328,2331,2361,2371,2384,2399,2403,2409,2419,2431,2441,2447,2477,2486,2507,2508,2510,2523,2533,2579,2585,2589,2621,2646,2658,2689,2749,2770,2784,2810,2855,2864,2874,2884,2937,2940,2942,2951,2954,2957,2960,2964,2978"
VERB,utilise,3,"795,1471,2234"
VERB,vary,5,"331,1479,1548,1725,1744"
VERB,vault,1,2561
VERB,venture,1,1276
VERB,vibe,5,"91,243,2315,2569,2673"
VERB,visit,3,"144,1243,2313"
VERB,wad,1,1991
VERB,wait,9,"1080,1541,1831,1879,1880,2182,2688,2828,2852"
VERB,wake,8,"49,111,112,182,1580,1602,1687"
VERB,walk,9,"247,358,360,948,1709,1868,2522,2753,2784"
VERB,wallpaper,1,1160
VERB,wander,2,"1719,2030"
VERB,want,184,"8,9,60,71,83,94,118,167,177,190,288,319,328,352,363,365,369,396,409,442,464,488,514,556,626,637,640,658,688,707,721,773,790,806,819,823,833,900,902,919,927,932,946,948,954,957,959,979,984,985,988,991,1022,1039,1051,1055,1057,1068,1093,1106,1117,1123,1127,1144,1147,1160,1161,1167,1180,1197,1262,1263,1301,1334,1376,1381,1399,1402,1414,1439,1463,1468,1471,1506,1509,1515,1534,1570,1583,1585,1596,1603,1604,1605,1624,1628,1662,1663,1664,1682,1687,1691,1702,1736,1737,1772,1796,1810,1829,1832,1835,1864,1873,1900,1901,1913,1918,1929,2025,2053,2057,2064,2101,2130,2162,2206,2207,2210,2211,2233,2234,2237,2270,2277,2278,2306,2313,2321,2335,2340,2346,2380,2384,2428,2436,2437,2465,2472,2490,2507,2512,2526,2538,2559,2563,2588,2593,2623,2628,2633,2642,2646,2677,2699,2706,2707,2709,2714,2724,2786,2801,2837,2844,2845,2850,2876,2885,2939"
VERB,warm,43,"121,138,215,294,379,468,526,595,626,660,677,686,707,740,747,922,951,1020,1036,1042,1065,1293,1319,1418,1444,1484,1585,1633,1865,1997,2056,2384,2525,2539,2570,2610,2622,2632,2641,2747,2781,2832"
VERB,warn,2,"2225,2809"
VERB,wash,9,"489,1270,1310,1527,1648,1711,1958,2582,2583"
VERB,waste,3,"1260,1383,2963"
VERB,watch,25,"347,445,525,686,818,861,946,989,1118,1141,1304,1722,1758,1974,2202,2210,2234,2310,2545,2562,2592,2617,2872,2873,2953"
VERB,wave,1,2633
VERB,wear,3,"2050,2660,2849"
VERB,weather,1,2033
VERB,weave,5,"555,1259,1494,1548,2479"
VERB,weight,1,79
VERB,welcome,53,"8,38,58,299,348,411,422,507,528,556,591,619,620,642,660,702,718,741,775,1032,1127,1129,1390,1428,1457,1465,1565,1685,1689,1692,1711,1790,1802,1810,1820,1836,1961,2020,2038,2083,2173,2306,2318,2381,2520,2699,2744,2748,2812,2834,2892,2900,2914"
VERB,wellbee,2,"1789,2532"
VERB,whip,2,"2120,2685"
VERB,wicke,1,101
VERB,widen,1,781
VERB,win,2,"2499,2905"
VERB,wind,5,"1308,1472,2151,2430,2901"
VERB,wing,3,"2044,2881,2882"
VERB,wire,1,418
VERB,wish,2,"1036,1363"
VERB,withstand,1,36
VERB,wonder,3,"1995,2804,2919"
VERB,work,85,"1,14,30,35,40,239,323,392,395,400,409,416,457,461,478,488,690,704,819,850,875,908,1004,1018,1022,1039,1049,1051,1068,1094,1117,1246,1258,1308,1320,1339,1362,1511,1518,1609,1638,1648,1677,1682,1691,1728,1846,1863,1887,1899,1982,1987,2050,2130,2140,2165,2192,2207,2212,2215,2235,2252,2274,2310,2319,2324,2411,2442,2491,2492,2535,2587,2622,2669,2755,2757,2777,2808,2850,2888,2934,2935,2954,2973"
VERB,worry,3,"1508,2666,2791"
VERB,wrap,17,"45,83,129,196,220,1491,1640,1888,2271,2530,2544,2575,2590,2633,2768,2816,2831"
VERB,write,3,"913,1466,1546"
VERB,xhoose,1,2721
VERB,yearn,2,"2143,2651"
VERB,yin,1,2312
VERB,zone,8,"97,1016,1158,1188,1193,1594,2719,2879"
